id,shipment_id,origin,organic,plastic,paper,metal,other,moisture_pct,month,total_kg,source_mix,date
1,1,lab_audit,0.5851,0.214,0.1243,0.0396,0.0371,74.5,6,361,"[{'kg': 361, 'name': 'Saket Food Court', 'source_id': 4, 'business_type': 'restaurant'}]",2026-06-11
2,2,lab_audit,0.9062,0.0398,0.0178,0.0083,0.0278,60.8,6,1956,"[{'kg': 1956, 'name': 'Najafgarh Agri Cooperative', 'source_id': 8, 'business_type': 'agriculture'}]",2026-06-11
4,4,lab_audit,0.4493,0.2108,0.1577,0.0489,0.1334,51.7,6,1977,"[{'kg': 1977, 'name': 'Rohini Sector 7 RWA', 'source_id': 15, 'business_type': 'municipal'}]",2026-06-12
3,3,lab_audit,0.4768,0.1889,0.1612,0.0721,0.101,56.8,6,2344,"[{'kg': 714, 'name': 'Bawana Dairy Processing', 'source_id': 14, 'business_type': 'food_processing'}, {'kg': 1029, 'name': 'Rohini Sector 7 RWA', 'source_id': 15, 'business_type': 'municipal'}, {'kg': 601, 'name': 'Mayapuri Packaging Works', 'source_id': 13, 'business_type': 'manufacturing'}]",2026-06-12
5,5,lab_audit,0.7352,0.1038,0.076,0.0273,0.0577,74.7,6,4046,"[{'kg': 967, 'name': 'Rohini Sector 7 RWA', 'source_id': 15, 'business_type': 'municipal'}, {'kg': 3079, 'name': 'Azadpur Mandi Block C', 'source_id': 6, 'business_type': 'market'}]",2026-06-13
6,6,lab_audit,0.6668,0.1381,0.1018,0.0512,0.042,66.9,6,4088,"[{'kg': 948, 'name': 'Mayapuri Packaging Works', 'source_id': 13, 'business_type': 'manufacturing'}, {'kg': 1260, 'name': 'Bawana Dairy Processing', 'source_id': 14, 'business_type': 'food_processing'}, {'kg': 1880, 'name': 'Azadpur Mandi Block C', 'source_id': 6, 'business_type': 'market'}]",2026-06-13
8,8,lab_audit,0.8071,0.091,0.0539,0.0155,0.0324,75.7,6,117,"[{'kg': 117, 'name': 'Food Market DEF', 'source_id': 3, 'business_type': 'market'}]",2026-06-14
7,7,lab_audit,0.7248,0.1253,0.0788,0.0407,0.0303,82.3,6,1718,"[{'kg': 665, 'name': 'Restaurant ABC', 'source_id': 1, 'business_type': 'restaurant'}, {'kg': 433, 'name': 'Hauz Khas Village Restaurants', 'source_id': 10, 'business_type': 'restaurant'}, {'kg': 620, 'name': 'Restaurant ABC', 'source_id': 1, 'business_type': 'restaurant'}]",2026-06-14
9,9,lab_audit,0.7869,0.0937,0.0634,0.0192,0.0368,82.4,6,1200,"[{'kg': 1200, 'name': 'Ghazipur Wholesale Market', 'source_id': 12, 'business_type': 'market'}]",2026-06-15
10,10,lab_audit,0.5372,0.2067,0.1414,0.0498,0.0648,76.3,6,585,"[{'kg': 585, 'name': 'Gurugram Leela Hotel', 'source_id': 18, 'business_type': 'hotel'}]",2026-06-15
12,12,lab_audit,0.6253,0.138,0.1494,0.0429,0.0445,67.8,6,489,"[{'kg': 257, 'name': 'Lajpat Nagar Eateries Cluster', 'source_id': 9, 'business_type': 'restaurant'}, {'kg': 232, 'name': 'Hotel XYZ', 'source_id': 2, 'business_type': 'hotel'}]",2026-06-16
11,11,lab_audit,0.6051,0.1488,0.1532,0.0461,0.0468,70.6,6,677,"[{'kg': 677, 'name': 'Grand Aravali Hotel', 'source_id': 5, 'business_type': 'hotel'}]",2026-06-16
14,14,lab_audit,0.6537,0.1525,0.1019,0.0389,0.0529,70.8,6,2356,"[{'kg': 793, 'name': 'Grand Aravali Hotel', 'source_id': 5, 'business_type': 'hotel'}, {'kg': 1106, 'name': 'Ghazipur Wholesale Market', 'source_id': 12, 'business_type': 'market'}, {'kg': 457, 'name': 'Hotel XYZ', 'source_id': 2, 'business_type': 'hotel'}]",2026-06-17
13,13,lab_audit,0.7674,0.0941,0.0662,0.0245,0.0478,76.7,6,2133,"[{'kg': 276, 'name': 'Hauz Khas Village Restaurants', 'source_id': 10, 'business_type': 'restaurant'}, {'kg': 1857, 'name': 'Ghazipur Wholesale Market', 'source_id': 12, 'business_type': 'market'}]",2026-06-17
15,15,lab_audit,0.7629,0.1132,0.0569,0.0278,0.0392,81.1,6,2808,"[{'kg': 333, 'name': 'Saket Food Court', 'source_id': 4, 'business_type': 'restaurant'}, {'kg': 702, 'name': 'Connaught Place Hotel Group', 'source_id': 11, 'business_type': 'hotel'}, {'kg': 1773, 'name': 'Ghazipur Wholesale Market', 'source_id': 12, 'business_type': 'market'}]",2026-06-18
17,17,lab_audit,0.7079,0.1455,0.0769,0.0367,0.033,74.4,6,250,"[{'kg': 250, 'name': 'Lajpat Nagar Eateries Cluster', 'source_id': 9, 'business_type': 'restaurant'}]",2026-06-19
16,16,lab_audit,0.8123,0.0807,0.0649,0.0218,0.0203,80.6,6,2152,"[{'kg': 1284, 'name': 'Okhla Fresh Foods Pvt Ltd', 'source_id': 7, 'business_type': 'food_processing'}, {'kg': 868, 'name': 'Okhla Fresh Foods Pvt Ltd', 'source_id': 7, 'business_type': 'food_processing'}]",2026-06-19
18,18,lab_audit,0.671,0.1637,0.0946,0.0422,0.0285,71.9,6,1143,"[{'kg': 366, 'name': 'Lajpat Nagar Eateries Cluster', 'source_id': 9, 'business_type': 'restaurant'}, {'kg': 422, 'name': 'Saket Food Court', 'source_id': 4, 'business_type': 'restaurant'}, {'kg': 355, 'name': 'Hauz Khas Village Restaurants', 'source_id': 10, 'business_type': 'restaurant'}]",2026-06-20
19,19,lab_audit,0.4821,0.1796,0.141,0.0495,0.1478,53.6,6,1916,"[{'kg': 1916, 'name': 'Dwarka Sector 10 RWA', 'source_id': 16, 'business_type': 'municipal'}]",2026-06-20
20,20,lab_audit,0.6799,0.1701,0.0806,0.0397,0.0296,74.9,6,867,"[{'kg': 367, 'name': 'Lajpat Nagar Eateries Cluster', 'source_id': 9, 'business_type': 'restaurant'}, {'kg': 500, 'name': 'Hauz Khas Village Restaurants', 'source_id': 10, 'business_type': 'restaurant'}]",2026-06-21
21,21,lab_audit,0.5839,0.1892,0.1433,0.0462,0.0373,71.9,6,1152,"[{'kg': 832, 'name': 'Grand Aravali Hotel', 'source_id': 5, 'business_type': 'hotel'}, {'kg': 88, 'name': 'Food Market DEF', 'source_id': 3, 'business_type': 'market'}, {'kg': 232, 'name': 'Saket Food Court', 'source_id': 4, 'business_type': 'restaurant'}]",2026-06-21
23,23,lab_audit,0.8381,0.0739,0.0523,0.0156,0.0201,78.6,6,914,"[{'kg': 914, 'name': 'Okhla Fresh Foods Pvt Ltd', 'source_id': 7, 'business_type': 'food_processing'}]",2026-06-22
22,22,lab_audit,0.8189,0.0666,0.0603,0.0172,0.037,64.9,6,2862,"[{'kg': 558, 'name': 'Cyber Hub Food Court', 'source_id': 17, 'business_type': 'restaurant'}, {'kg': 443, 'name': 'Cyber Hub Food Court', 'source_id': 17, 'business_type': 'restaurant'}, {'kg': 1861, 'name': 'Najafgarh Agri Cooperative', 'source_id': 8, 'business_type': 'agriculture'}]",2026-06-22
24,24,lab_audit,0.7767,0.092,0.0653,0.0157,0.0503,79.8,6,1851,"[{'kg': 1851, 'name': 'Ghazipur Wholesale Market', 'source_id': 12, 'business_type': 'market'}]",2026-06-23
25,25,lab_audit,0.7537,0.1004,0.0799,0.0343,0.0317,72.1,6,1772,"[{'kg': 669, 'name': 'Connaught Place Hotel Group', 'source_id': 11, 'business_type': 'hotel'}, {'kg': 303, 'name': 'Hauz Khas Village Restaurants', 'source_id': 10, 'business_type': 'restaurant'}, {'kg': 800, 'name': 'Okhla Fresh Foods Pvt Ltd', 'source_id': 7, 'business_type': 'food_processing'}]",2026-06-23
26,26,lab_audit,0.547,0.1901,0.1591,0.0515,0.0523,71.9,6,1063,"[{'kg': 549, 'name': 'Grand Aravali Hotel', 'source_id': 5, 'business_type': 'hotel'}, {'kg': 448, 'name': 'Hotel XYZ', 'source_id': 2, 'business_type': 'hotel'}, {'kg': 66, 'name': 'Food Market DEF', 'source_id': 3, 'business_type': 'market'}]",2026-06-24
27,27,lab_audit,0.5619,0.1989,0.1461,0.0481,0.045,71.5,6,1220,"[{'kg': 784, 'name': 'Grand Aravali Hotel', 'source_id': 5, 'business_type': 'hotel'}, {'kg': 436, 'name': 'Restaurant ABC', 'source_id': 1, 'business_type': 'restaurant'}]",2026-06-24
28,28,lab_audit,0.8097,0.0897,0.0611,0.02,0.0195,81.1,6,926,"[{'kg': 926, 'name': 'Okhla Fresh Foods Pvt Ltd', 'source_id': 7, 'business_type': 'food_processing'}]",2026-06-25
30,30,lab_audit,0.7179,0.1222,0.0888,0.0232,0.0478,76.8,6,1743,"[{'kg': 1348, 'name': 'Ghazipur Wholesale Market', 'source_id': 12, 'business_type': 'market'}, {'kg': 395, 'name': 'Hotel XYZ', 'source_id': 2, 'business_type': 'hotel'}]",2026-06-26
29,29,lab_audit,0.8264,0.0729,0.0495,0.0242,0.0269,63.6,6,3073,"[{'kg': 941, 'name': 'Cyber Hub Food Court', 'source_id': 17, 'business_type': 'restaurant'}, {'kg': 833, 'name': 'Sohna Farm Collective', 'source_id': 20, 'business_type': 'agriculture'}, {'kg': 1299, 'name': 'Sohna Farm Collective', 'source_id': 20, 'business_type': 'agriculture'}]",2026-06-26
32,32,lab_audit,0.4851,0.2487,0.1404,0.0726,0.0532,62.1,6,2236,"[{'kg': 916, 'name': 'Cyber Hub Food Court', 'source_id': 17, 'business_type': 'restaurant'}, {'kg': 617, 'name': 'Manesar Auto Components', 'source_id': 19, 'business_type': 'manufacturing'}, {'kg': 703, 'name': 'Gurugram Leela Hotel', 'source_id': 18, 'business_type': 'hotel'}]",2026-06-27
31,31,lab_audit,0.6597,0.1657,0.0943,0.0493,0.0309,77.5,6,1173,"[{'kg': 524, 'name': 'Hauz Khas Village Restaurants', 'source_id': 10, 'business_type': 'restaurant'}, {'kg': 649, 'name': 'Restaurant ABC', 'source_id': 1, 'business_type': 'restaurant'}]",2026-06-27
33,33,lab_audit,0.5719,0.181,0.1096,0.0445,0.093,61.4,6,2970,"[{'kg': 1838, 'name': 'Rohini Sector 7 RWA', 'source_id': 15, 'business_type': 'municipal'}, {'kg': 1132, 'name': 'Bawana Dairy Processing', 'source_id': 14, 'business_type': 'food_processing'}]",2026-06-28
34,34,lab_audit,0.7131,0.1173,0.105,0.0339,0.0307,69.0,6,1244,"[{'kg': 423, 'name': 'Restaurant ABC', 'source_id': 1, 'business_type': 'restaurant'}, {'kg': 467, 'name': 'Hauz Khas Village Restaurants', 'source_id': 10, 'business_type': 'restaurant'}, {'kg': 354, 'name': 'Saket Food Court', 'source_id': 4, 'business_type': 'restaurant'}]",2026-06-28
35,35,lab_audit,0.6497,0.1654,0.1171,0.0392,0.0286,64.1,6,1115,"[{'kg': 280, 'name': 'Hauz Khas Village Restaurants', 'source_id': 10, 'business_type': 'restaurant'}, {'kg': 441, 'name': 'Hotel XYZ', 'source_id': 2, 'business_type': 'hotel'}, {'kg': 394, 'name': 'Hauz Khas Village Restaurants', 'source_id': 10, 'business_type': 'restaurant'}]",2026-06-29
36,36,lab_audit,0.6784,0.1387,0.1068,0.0452,0.0308,78.9,6,680,"[{'kg': 269, 'name': 'Lajpat Nagar Eateries Cluster', 'source_id': 9, 'business_type': 'restaurant'}, {'kg': 411, 'name': 'Lajpat Nagar Eateries Cluster', 'source_id': 9, 'business_type': 'restaurant'}]",2026-06-29
38,38,lab_audit,0.6221,0.1982,0.1111,0.0324,0.0361,77.9,6,1191,"[{'kg': 428, 'name': 'Restaurant ABC', 'source_id': 1, 'business_type': 'restaurant'}, {'kg': 480, 'name': 'Hauz Khas Village Restaurants', 'source_id': 10, 'business_type': 'restaurant'}, {'kg': 283, 'name': 'Hauz Khas Village Restaurants', 'source_id': 10, 'business_type': 'restaurant'}]",2026-06-30
37,37,lab_audit,0.9039,0.0329,0.0215,0.0086,0.0331,61.1,6,4613,"[{'kg': 1557, 'name': 'Sohna Farm Collective', 'source_id': 20, 'business_type': 'agriculture'}, {'kg': 1554, 'name': 'Najafgarh Agri Cooperative', 'source_id': 8, 'business_type': 'agriculture'}, {'kg': 1502, 'name': 'Sohna Farm Collective', 'source_id': 20, 'business_type': 'agriculture'}]",2026-06-30
39,39,lab_audit,0.8952,0.0399,0.0198,0.01,0.0351,62.1,7,2304,"[{'kg': 1656, 'name': 'Sohna Farm Collective', 'source_id': 20, 'business_type': 'agriculture'}, {'kg': 648, 'name': 'Sohna Farm Collective', 'source_id': 20, 'business_type': 'agriculture'}]",2026-07-01
40,40,lab_audit,0.6685,0.1526,0.1017,0.0484,0.0289,85.1,7,277,"[{'kg': 277, 'name': 'Saket Food Court', 'source_id': 4, 'business_type': 'restaurant'}]",2026-07-01
41,41,lab_audit,0.5501,0.176,0.1678,0.0574,0.0488,71.3,7,655,"[{'kg': 655, 'name': 'Grand Aravali Hotel', 'source_id': 5, 'business_type': 'hotel'}]",2026-07-02
42,42,lab_audit,0.167,0.3265,0.2187,0.1554,0.1325,16.9,7,681,"[{'kg': 681, 'name': 'Mayapuri Packaging Works', 'source_id': 13, 'business_type': 'manufacturing'}]",2026-07-02
43,43,lab_audit,0.7988,0.082,0.0703,0.0209,0.028,84.0,7,5537,"[{'kg': 1007, 'name': 'Bawana Dairy Processing', 'source_id': 14, 'business_type': 'food_processing'}, {'kg': 1767, 'name': 'Bawana Dairy Processing', 'source_id': 14, 'business_type': 'food_processing'}, {'kg': 2763, 'name': 'Azadpur Mandi Block C', 'source_id': 6, 'business_type': 'market'}]",2026-07-03
44,44,lab_audit,0.4963,0.2483,0.1673,0.0453,0.0428,74.9,7,1307,"[{'kg': 335, 'name': 'Grand Aravali Hotel', 'source_id': 5, 'business_type': 'hotel'}, {'kg': 972, 'name': 'Connaught Place Hotel Group', 'source_id': 11, 'business_type': 'hotel'}]",2026-07-04
45,45,lab_audit,0.6613,0.1506,0.1315,0.0245,0.032,75.5,7,930,"[{'kg': 254, 'name': 'Hotel XYZ', 'source_id': 2, 'business_type': 'hotel'}, {'kg': 676, 'name': 'Restaurant ABC', 'source_id': 1, 'business_type': 'restaurant'}]",2026-07-04
47,47,lab_audit,0.8547,0.0697,0.0367,0.0169,0.0219,82.6,7,3544,"[{'kg': 1539, 'name': 'Okhla Fresh Foods Pvt Ltd', 'source_id': 7, 'business_type': 'food_processing'}, {'kg': 2005, 'name': 'Ghazipur Wholesale Market', 'source_id': 12, 'business_type': 'market'}]",2026-07-05
46,46,lab_audit,0.5493,0.2093,0.1503,0.0451,0.0459,76.4,7,425,"[{'kg': 425, 'name': 'Grand Aravali Hotel', 'source_id': 5, 'business_type': 'hotel'}]",2026-07-05
48,48,lab_audit,0.4479,0.204,0.2293,0.0543,0.0644,76.3,7,203,"[{'kg': 203, 'name': 'Hotel XYZ', 'source_id': 2, 'business_type': 'hotel'}]",2026-07-06
49,49,lab_audit,0.7075,0.1278,0.0882,0.0351,0.0413,72.6,7,5884,"[{'kg': 3034, 'name': 'Azadpur Mandi Block C', 'source_id': 6, 'business_type': 'market'}, {'kg': 1819, 'name': 'Azadpur Mandi Block C', 'source_id': 6, 'business_type': 'market'}, {'kg': 1031, 'name': 'Mayapuri Packaging Works', 'source_id': 13, 'business_type': 'manufacturing'}]",2026-07-06
51,51,lab_audit,0.7357,0.1182,0.0793,0.032,0.0347,78.3,7,1781,"[{'kg': 1118, 'name': 'Ghazipur Wholesale Market', 'source_id': 12, 'business_type': 'market'}, {'kg': 546, 'name': 'Hotel XYZ', 'source_id': 2, 'business_type': 'hotel'}, {'kg': 117, 'name': 'Food Market DEF', 'source_id': 3, 'business_type': 'market'}]",2026-07-07
50,50,lab_audit,0.7038,0.1327,0.0949,0.0325,0.036,71.7,7,1370,"[{'kg': 595, 'name': 'Okhla Fresh Foods Pvt Ltd', 'source_id': 7, 'business_type': 'food_processing'}, {'kg': 775, 'name': 'Connaught Place Hotel Group', 'source_id': 11, 'business_type': 'hotel'}]",2026-07-07
52,52,lab_audit,0.856,0.0742,0.0325,0.015,0.0222,72.7,7,3250,"[{'kg': 2164, 'name': 'Najafgarh Agri Cooperative', 'source_id': 8, 'business_type': 'agriculture'}, {'kg': 1086, 'name': 'Cyber Hub Food Court', 'source_id': 17, 'business_type': 'restaurant'}]",2026-07-08
53,53,lab_audit,0.8199,0.0773,0.0618,0.0218,0.0192,79.2,7,1120,"[{'kg': 1120, 'name': 'Okhla Fresh Foods Pvt Ltd', 'source_id': 7, 'business_type': 'food_processing'}]",2026-07-08
54,54,lab_audit,0.7999,0.0928,0.0552,0.022,0.03,83.1,7,6213,"[{'kg': 1545, 'name': 'Bawana Dairy Processing', 'source_id': 14, 'business_type': 'food_processing'}, {'kg': 2229, 'name': 'Azadpur Mandi Block C', 'source_id': 6, 'business_type': 'market'}, {'kg': 2439, 'name': 'Azadpur Mandi Block C', 'source_id': 6, 'business_type': 'market'}]",2026-07-09
55,55,lab_audit,0.2416,0.3264,0.2255,0.1097,0.0968,42.8,7,3404,"[{'kg': 913, 'name': 'Mayapuri Packaging Works', 'source_id': 13, 'business_type': 'manufacturing'}, {'kg': 1344, 'name': 'Rohini Sector 7 RWA', 'source_id': 15, 'business_type': 'municipal'}, {'kg': 1147, 'name': 'Mayapuri Packaging Works', 'source_id': 13, 'business_type': 'manufacturing'}]",2026-07-09
56,56,lab_audit,0.7294,0.12,0.0804,0.0339,0.0363,80.6,7,2738,"[{'kg': 644, 'name': 'Cyber Hub Food Court', 'source_id': 17, 'business_type': 'restaurant'}, {'kg': 631, 'name': 'Cyber Hub Food Court', 'source_id': 17, 'business_type': 'restaurant'}, {'kg': 1463, 'name': 'Sohna Farm Collective', 'source_id': 20, 'business_type': 'agriculture'}]",2026-07-10
57,57,lab_audit,0.8305,0.0776,0.0423,0.0209,0.0287,76.5,7,3217,"[{'kg': 1366, 'name': 'Najafgarh Agri Cooperative', 'source_id': 8, 'business_type': 'agriculture'}, {'kg': 824, 'name': 'Sohna Farm Collective', 'source_id': 20, 'business_type': 'agriculture'}, {'kg': 1027, 'name': 'Cyber Hub Food Court', 'source_id': 17, 'business_type': 'restaurant'}]",2026-07-11
58,58,lab_audit,0.566,0.1981,0.1363,0.0564,0.0433,68.6,7,956,"[{'kg': 956, 'name': 'Connaught Place Hotel Group', 'source_id': 11, 'business_type': 'hotel'}]",2026-07-11
60,60,lab_audit,0.7181,0.132,0.0759,0.0278,0.0462,84.0,7,2078,"[{'kg': 1799, 'name': 'Ghazipur Wholesale Market', 'source_id': 12, 'business_type': 'market'}, {'kg': 279, 'name': 'Hotel XYZ', 'source_id': 2, 'business_type': 'hotel'}]",2026-07-12
59,59,lab_audit,0.6646,0.1319,0.1165,0.0515,0.0354,72.3,7,1336,"[{'kg': 607, 'name': 'Restaurant ABC', 'source_id': 1, 'business_type': 'restaurant'}, {'kg': 729, 'name': 'Grand Aravali Hotel', 'source_id': 5, 'business_type': 'hotel'}]",2026-07-12
62,62,lab_audit,0.5623,0.1835,0.1689,0.0469,0.0384,72.9,7,554,"[{'kg': 554, 'name': 'Grand Aravali Hotel', 'source_id': 5, 'business_type': 'hotel'}]",2026-07-13
61,61,lab_audit,0.7866,0.0916,0.0636,0.0237,0.0344,80.8,7,3468,"[{'kg': 1896, 'name': 'Ghazipur Wholesale Market', 'source_id': 12, 'business_type': 'market'}, {'kg': 606, 'name': 'Connaught Place Hotel Group', 'source_id': 11, 'business_type': 'hotel'}, {'kg': 966, 'name': 'Okhla Fresh Foods Pvt Ltd', 'source_id': 7, 'business_type': 'food_processing'}]",2026-07-13
63,63,lab_audit,0.6251,0.1413,0.1038,0.0401,0.0897,65.3,7,2276,"[{'kg': 1417, 'name': 'Rohini Sector 7 RWA', 'source_id': 15, 'business_type': 'municipal'}, {'kg': 859, 'name': 'Bawana Dairy Processing', 'source_id': 14, 'business_type': 'food_processing'}]",2026-07-14
64,64,lab_audit,0.8161,0.0698,0.0698,0.025,0.0194,86.2,7,2107,"[{'kg': 779, 'name': 'Bawana Dairy Processing', 'source_id': 14, 'business_type': 'food_processing'}, {'kg': 1328, 'name': 'Bawana Dairy Processing', 'source_id': 14, 'business_type': 'food_processing'}]",2026-07-14
65,65,lab_audit,0.7745,0.0921,0.0665,0.024,0.0429,77.9,7,92,"[{'kg': 92, 'name': 'Food Market DEF', 'source_id': 3, 'business_type': 'market'}]",2026-07-15
66,66,lab_audit,0.7129,0.1363,0.0927,0.0273,0.0309,76.6,7,912,"[{'kg': 555, 'name': 'Restaurant ABC', 'source_id': 1, 'business_type': 'restaurant'}, {'kg': 357, 'name': 'Hauz Khas Village Restaurants', 'source_id': 10, 'business_type': 'restaurant'}]",2026-07-15
68,68,lab_audit,0.7257,0.1253,0.0921,0.034,0.0229,77.2,7,2124,"[{'kg': 1134, 'name': 'Okhla Fresh Foods Pvt Ltd', 'source_id': 7, 'business_type': 'food_processing'}, {'kg': 446, 'name': 'Lajpat Nagar Eateries Cluster', 'source_id': 9, 'business_type': 'restaurant'}, {'kg': 544, 'name': 'Connaught Place Hotel Group', 'source_id': 11, 'business_type': 'hotel'}]",2026-07-16
67,67,lab_audit,0.7859,0.0788,0.0571,0.024,0.0541,65.3,7,2797,"[{'kg': 1655, 'name': 'Najafgarh Agri Cooperative', 'source_id': 8, 'business_type': 'agriculture'}, {'kg': 1142, 'name': 'Dwarka Sector 10 RWA', 'source_id': 16, 'business_type': 'municipal'}]",2026-07-16
69,69,lab_audit,0.1148,0.3692,0.2942,0.1332,0.0885,27.4,7,529,"[{'kg': 529, 'name': 'Mayapuri Packaging Works', 'source_id': 13, 'business_type': 'manufacturing'}]",2026-07-17
70,70,lab_audit,0.6206,0.1503,0.1139,0.0404,0.0747,69.0,7,3004,"[{'kg': 1542, 'name': 'Dwarka Sector 10 RWA', 'source_id': 16, 'business_type': 'municipal'}, {'kg': 415, 'name': 'Gurugram Leela Hotel', 'source_id': 18, 'business_type': 'hotel'}, {'kg': 1047, 'name': 'Cyber Hub Food Court', 'source_id': 17, 'business_type': 'restaurant'}]",2026-07-18
71,71,lab_audit,0.542,0.2025,0.164,0.0478,0.0437,70.9,7,282,"[{'kg': 282, 'name': 'Hotel XYZ', 'source_id': 2, 'business_type': 'hotel'}]",2026-07-18
73,73,lab_audit,0.575,0.1953,0.1307,0.0488,0.0502,74.6,7,898,"[{'kg': 468, 'name': 'Saket Food Court', 'source_id': 4, 'business_type': 'restaurant'}, {'kg': 430, 'name': 'Connaught Place Hotel Group', 'source_id': 11, 'business_type': 'hotel'}]",2026-07-19
72,72,lab_audit,0.6593,0.1697,0.0937,0.043,0.0344,85.7,7,570,"[{'kg': 211, 'name': 'Saket Food Court', 'source_id': 4, 'business_type': 'restaurant'}, {'kg': 359, 'name': 'Restaurant ABC', 'source_id': 1, 'business_type': 'restaurant'}]",2026-07-19
74,74,lab_audit,0.1004,0.3723,0.2867,0.1637,0.0769,29.2,7,1119,"[{'kg': 1119, 'name': 'Mayapuri Packaging Works', 'source_id': 13, 'business_type': 'manufacturing'}]",2026-07-20
75,75,lab_audit,0.5807,0.1948,0.1313,0.0471,0.0461,73.0,7,1085,"[{'kg': 749, 'name': 'Grand Aravali Hotel', 'source_id': 5, 'business_type': 'hotel'}, {'kg': 336, 'name': 'Saket Food Court', 'source_id': 4, 'business_type': 'restaurant'}]",2026-07-20
77,77,lab_audit,0.762,0.1058,0.0665,0.0203,0.0454,82.5,7,2735,"[{'kg': 253, 'name': 'Hauz Khas Village Restaurants', 'source_id': 10, 'business_type': 'restaurant'}, {'kg': 427, 'name': 'Hotel XYZ', 'source_id': 2, 'business_type': 'hotel'}, {'kg': 2055, 'name': 'Ghazipur Wholesale Market', 'source_id': 12, 'business_type': 'market'}]",2026-07-21
76,76,lab_audit,0.7271,0.1138,0.1077,0.0275,0.0238,78.7,7,385,"[{'kg': 385, 'name': 'Restaurant ABC', 'source_id': 1, 'business_type': 'restaurant'}]",2026-07-21
79,79,lab_audit,0.6831,0.1191,0.0926,0.0485,0.0567,69.4,7,5925,"[{'kg': 2334, 'name': 'Azadpur Mandi Block C', 'source_id': 6, 'business_type': 'market'}, {'kg': 2640, 'name': 'Azadpur Mandi Block C', 'source_id': 6, 'business_type': 'market'}, {'kg': 951, 'name': 'Mayapuri Packaging Works', 'source_id': 13, 'business_type': 'manufacturing'}]",2026-07-22
78,78,lab_audit,0.7198,0.1384,0.0796,0.029,0.0331,77.9,7,1793,"[{'kg': 531, 'name': 'Grand Aravali Hotel', 'source_id': 5, 'business_type': 'hotel'}, {'kg': 515, 'name': 'Hauz Khas Village Restaurants', 'source_id': 10, 'business_type': 'restaurant'}, {'kg': 747, 'name': 'Okhla Fresh Foods Pvt Ltd', 'source_id': 7, 'business_type': 'food_processing'}]",2026-07-22
80,80,lab_audit,0.7019,0.1474,0.0841,0.0329,0.0338,77.4,7,300,"[{'kg': 300, 'name': 'Restaurant ABC', 'source_id': 1, 'business_type': 'restaurant'}]",2026-07-23
81,81,lab_audit,0.6216,0.1525,0.1166,0.046,0.0632,71.5,7,2998,"[{'kg': 905, 'name': 'Cyber Hub Food Court', 'source_id': 17, 'business_type': 'restaurant'}, {'kg': 641, 'name': 'Cyber Hub Food Court', 'source_id': 17, 'business_type': 'restaurant'}, {'kg': 1452, 'name': 'Dwarka Sector 10 RWA', 'source_id': 16, 'business_type': 'municipal'}]",2026-07-23
82,82,lab_audit,0.7896,0.0814,0.0699,0.0215,0.0376,90.0,7,1563,"[{'kg': 912, 'name': 'Ghazipur Wholesale Market', 'source_id': 12, 'business_type': 'market'}, {'kg': 651, 'name': 'Okhla Fresh Foods Pvt Ltd', 'source_id': 7, 'business_type': 'food_processing'}]",2026-07-24
83,83,lab_audit,0.5427,0.2119,0.1453,0.0494,0.0507,69.5,7,573,"[{'kg': 507, 'name': 'Hotel XYZ', 'source_id': 2, 'business_type': 'hotel'}, {'kg': 66, 'name': 'Food Market DEF', 'source_id': 3, 'business_type': 'market'}]",2026-07-24
84,84,lab_audit,0.692,0.1404,0.1063,0.0274,0.0339,74.4,7,1226,"[{'kg': 664, 'name': 'Connaught Place Hotel Group', 'source_id': 11, 'business_type': 'hotel'}, {'kg': 562, 'name': 'Okhla Fresh Foods Pvt Ltd', 'source_id': 7, 'business_type': 'food_processing'}]",2026-07-25
86,86,lab_audit,0.7705,0.1077,0.055,0.0207,0.046,84.5,7,1968,"[{'kg': 1968, 'name': 'Ghazipur Wholesale Market', 'source_id': 12, 'business_type': 'market'}]",2026-07-26
85,85,lab_audit,0.7374,0.1049,0.0677,0.0209,0.0691,64.9,7,2780,"[{'kg': 1720, 'name': 'Najafgarh Agri Cooperative', 'source_id': 8, 'business_type': 'agriculture'}, {'kg': 1060, 'name': 'Dwarka Sector 10 RWA', 'source_id': 16, 'business_type': 'municipal'}]",2026-07-26
87,87,lab_audit,0.6704,0.1798,0.0847,0.0397,0.0254,73.2,7,702,"[{'kg': 234, 'name': 'Saket Food Court', 'source_id': 4, 'business_type': 'restaurant'}, {'kg': 468, 'name': 'Hauz Khas Village Restaurants', 'source_id': 10, 'business_type': 'restaurant'}]",2026-07-27
88,88,lab_audit,0.6819,0.1364,0.0691,0.033,0.0797,66.8,7,2367,"[{'kg': 1156, 'name': 'Rohini Sector 7 RWA', 'source_id': 15, 'business_type': 'municipal'}, {'kg': 1211, 'name': 'Azadpur Mandi Block C', 'source_id': 6, 'business_type': 'market'}]",2026-07-27
90,90,lab_audit,0.6657,0.1297,0.1227,0.0455,0.0365,79.4,7,1241,"[{'kg': 345, 'name': 'Hauz Khas Village Restaurants', 'source_id': 10, 'business_type': 'restaurant'}, {'kg': 576, 'name': 'Restaurant ABC', 'source_id': 1, 'business_type': 'restaurant'}, {'kg': 320, 'name': 'Hauz Khas Village Restaurants', 'source_id': 10, 'business_type': 'restaurant'}]",2026-07-28
89,89,lab_audit,0.8218,0.0809,0.0582,0.0206,0.0186,86.8,7,1347,"[{'kg': 1347, 'name': 'Bawana Dairy Processing', 'source_id': 14, 'business_type': 'food_processing'}]",2026-07-28
91,91,lab_audit,0.1293,0.3546,0.2214,0.1704,0.1243,22.7,7,875,"[{'kg': 875, 'name': 'Mayapuri Packaging Works', 'source_id': 13, 'business_type': 'manufacturing'}]",2026-07-29
92,92,lab_audit,0.7259,0.1189,0.0711,0.0236,0.0604,78.0,7,7403,"[{'kg': 3003, 'name': 'Azadpur Mandi Block C', 'source_id': 6, 'business_type': 'market'}, {'kg': 1481, 'name': 'Rohini Sector 7 RWA', 'source_id': 15, 'business_type': 'municipal'}, {'kg': 2919, 'name': 'Azadpur Mandi Block C', 'source_id': 6, 'business_type': 'market'}]",2026-07-29
93,93,lab_audit,0.721,0.1283,0.0805,0.0259,0.0443,86.4,7,2431,"[{'kg': 265, 'name': 'Lajpat Nagar Eateries Cluster', 'source_id': 9, 'business_type': 'restaurant'}, {'kg': 278, 'name': 'Lajpat Nagar Eateries Cluster', 'source_id': 9, 'business_type': 'restaurant'}, {'kg': 1888, 'name': 'Ghazipur Wholesale Market', 'source_id': 12, 'business_type': 'market'}]",2026-07-30
94,94,lab_audit,0.8907,0.0398,0.0225,0.01,0.0371,63.7,7,1824,"[{'kg': 1824, 'name': 'Najafgarh Agri Cooperative', 'source_id': 8, 'business_type': 'agriculture'}]",2026-07-30
96,96,lab_audit,0.6045,0.1798,0.1229,0.0465,0.0463,70.1,7,871,"[{'kg': 496, 'name': 'Grand Aravali Hotel', 'source_id': 5, 'business_type': 'hotel'}, {'kg': 123, 'name': 'Food Market DEF', 'source_id': 3, 'business_type': 'market'}, {'kg': 252, 'name': 'Hotel XYZ', 'source_id': 2, 'business_type': 'hotel'}]",2026-07-31
95,95,lab_audit,0.727,0.1363,0.0711,0.0385,0.0271,81.5,7,711,"[{'kg': 204, 'name': 'Saket Food Court', 'source_id': 4, 'business_type': 'restaurant'}, {'kg': 507, 'name': 'Restaurant ABC', 'source_id': 1, 'business_type': 'restaurant'}]",2026-07-31
97,97,lab_audit,0.6725,0.1582,0.1,0.0319,0.0375,71.8,8,1023,"[{'kg': 272, 'name': 'Hauz Khas Village Restaurants', 'source_id': 10, 'business_type': 'restaurant'}, {'kg': 320, 'name': 'Lajpat Nagar Eateries Cluster', 'source_id': 9, 'business_type': 'restaurant'}, {'kg': 431, 'name': 'Grand Aravali Hotel', 'source_id': 5, 'business_type': 'hotel'}]",2026-08-01
99,99,lab_audit,0.5242,0.2005,0.1308,0.0363,0.1082,66.1,8,3988,"[{'kg': 2089, 'name': 'Rohini Sector 7 RWA', 'source_id': 15, 'business_type': 'municipal'}, {'kg': 1037, 'name': 'Rohini Sector 7 RWA', 'source_id': 15, 'business_type': 'municipal'}, {'kg': 862, 'name': 'Bawana Dairy Processing', 'source_id': 14, 'business_type': 'food_processing'}]",2026-08-02
98,98,lab_audit,0.5764,0.1873,0.1233,0.0715,0.0415,56.2,8,1632,"[{'kg': 994, 'name': 'Bawana Dairy Processing', 'source_id': 14, 'business_type': 'food_processing'}, {'kg': 638, 'name': 'Mayapuri Packaging Works', 'source_id': 13, 'business_type': 'manufacturing'}]",2026-08-02
100,100,lab_audit,0.6774,0.1674,0.0869,0.0356,0.0326,71.9,8,515,"[{'kg': 223, 'name': 'Saket Food Court', 'source_id': 4, 'business_type': 'restaurant'}, {'kg': 292, 'name': 'Hauz Khas Village Restaurants', 'source_id': 10, 'business_type': 'restaurant'}]",2026-08-03
101,101,lab_audit,0.6968,0.1164,0.1119,0.0453,0.0297,81.3,8,593,"[{'kg': 593, 'name': 'Cyber Hub Food Court', 'source_id': 17, 'business_type': 'restaurant'}]",2026-08-03
103,103,lab_audit,0.59,0.1822,0.1428,0.042,0.043,76.5,8,1970,"[{'kg': 793, 'name': 'Grand Aravali Hotel', 'source_id': 5, 'business_type': 'hotel'}, {'kg': 921, 'name': 'Connaught Place Hotel Group', 'source_id': 11, 'business_type': 'hotel'}, {'kg': 256, 'name': 'Lajpat Nagar Eateries Cluster', 'source_id': 9, 'business_type': 'restaurant'}]",2026-08-04
102,102,lab_audit,0.5678,0.1753,0.1638,0.0514,0.0416,73.4,8,742,"[{'kg': 326, 'name': 'Hauz Khas Village Restaurants', 'source_id': 10, 'business_type': 'restaurant'}, {'kg': 416, 'name': 'Grand Aravali Hotel', 'source_id': 5, 'business_type': 'hotel'}]",2026-08-04
104,104,lab_audit,0.7083,0.1346,0.0976,0.0346,0.0248,73.4,8,882,"[{'kg': 882, 'name': 'Cyber Hub Food Court', 'source_id': 17, 'business_type': 'restaurant'}]",2026-08-05
105,105,lab_audit,0.8225,0.0753,0.0474,0.022,0.0327,69.5,8,3005,"[{'kg': 875, 'name': 'Cyber Hub Food Court', 'source_id': 17, 'business_type': 'restaurant'}, {'kg': 1229, 'name': 'Najafgarh Agri Cooperative', 'source_id': 8, 'business_type': 'agriculture'}, {'kg': 901, 'name': 'Sohna Farm Collective', 'source_id': 20, 'business_type': 'agriculture'}]",2026-08-05
107,107,lab_audit,0.6793,0.1485,0.1013,0.0451,0.0258,79.1,8,610,"[{'kg': 610, 'name': 'Lajpat Nagar Eateries Cluster', 'source_id': 9, 'business_type': 'restaurant'}]",2026-08-06
106,106,lab_audit,0.7946,0.0924,0.0744,0.0202,0.0184,92.0,8,1690,"[{'kg': 1426, 'name': 'Okhla Fresh Foods Pvt Ltd', 'source_id': 7, 'business_type': 'food_processing'}, {'kg': 264, 'name': 'Hauz Khas Village Restaurants', 'source_id': 10, 'business_type': 'restaurant'}]",2026-08-06
108,108,lab_audit,0.5028,0.2267,0.188,0.0399,0.0427,70.9,8,476,"[{'kg': 476, 'name': 'Hotel XYZ', 'source_id': 2, 'business_type': 'hotel'}]",2026-08-07
109,109,lab_audit,0.126,0.3357,0.2639,0.1755,0.099,24.0,8,816,"[{'kg': 816, 'name': 'Manesar Auto Components', 'source_id': 19, 'business_type': 'manufacturing'}]",2026-08-07
110,110,lab_audit,0.5175,0.2556,0.1462,0.0429,0.0378,72.2,8,1815,"[{'kg': 472, 'name': 'Connaught Place Hotel Group', 'source_id': 11, 'business_type': 'hotel'}, {'kg': 548, 'name': 'Connaught Place Hotel Group', 'source_id': 11, 'business_type': 'hotel'}, {'kg': 795, 'name': 'Grand Aravali Hotel', 'source_id': 5, 'business_type': 'hotel'}]",2026-08-08
111,111,lab_audit,0.8234,0.0748,0.0619,0.0193,0.0206,80.6,8,1054,"[{'kg': 1054, 'name': 'Okhla Fresh Foods Pvt Ltd', 'source_id': 7, 'business_type': 'food_processing'}]",2026-08-09
112,112,lab_audit,0.7286,0.1108,0.0771,0.0229,0.0606,77.9,8,6632,"[{'kg': 3260, 'name': 'Azadpur Mandi Block C', 'source_id': 6, 'business_type': 'market'}, {'kg': 2061, 'name': 'Rohini Sector 7 RWA', 'source_id': 15, 'business_type': 'municipal'}, {'kg': 1311, 'name': 'Bawana Dairy Processing', 'source_id': 14, 'business_type': 'food_processing'}]",2026-08-09
113,113,lab_audit,0.7835,0.1025,0.0602,0.0234,0.0303,59.7,8,1381,"[{'kg': 848, 'name': 'Sohna Farm Collective', 'source_id': 20, 'business_type': 'agriculture'}, {'kg': 533, 'name': 'Cyber Hub Food Court', 'source_id': 17, 'business_type': 'restaurant'}]",2026-08-10
114,114,lab_audit,0.646,0.1466,0.0968,0.0354,0.0752,61.1,8,2701,"[{'kg': 1335, 'name': 'Dwarka Sector 10 RWA', 'source_id': 16, 'business_type': 'municipal'}, {'kg': 768, 'name': 'Sohna Farm Collective', 'source_id': 20, 'business_type': 'agriculture'}, {'kg': 598, 'name': 'Cyber Hub Food Court', 'source_id': 17, 'business_type': 'restaurant'}]",2026-08-10
116,116,lab_audit,0.368,0.2683,0.165,0.0854,0.1133,49.3,8,3031,"[{'kg': 2207, 'name': 'Rohini Sector 7 RWA', 'source_id': 15, 'business_type': 'municipal'}, {'kg': 824, 'name': 'Mayapuri Packaging Works', 'source_id': 13, 'business_type': 'manufacturing'}]",2026-08-11
115,115,lab_audit,0.5939,0.1668,0.1495,0.0409,0.0489,72.5,8,1228,"[{'kg': 407, 'name': 'Restaurant ABC', 'source_id': 1, 'business_type': 'restaurant'}, {'kg': 391, 'name': 'Saket Food Court', 'source_id': 4, 'business_type': 'restaurant'}, {'kg': 430, 'name': 'Hotel XYZ', 'source_id': 2, 'business_type': 'hotel'}]",2026-08-11
118,118,lab_audit,0.4668,0.2408,0.1382,0.0685,0.0857,51.9,8,3114,"[{'kg': 1763, 'name': 'Dwarka Sector 10 RWA', 'source_id': 16, 'business_type': 'municipal'}, {'kg': 670, 'name': 'Cyber Hub Food Court', 'source_id': 17, 'business_type': 'restaurant'}, {'kg': 681, 'name': 'Manesar Auto Components', 'source_id': 19, 'business_type': 'manufacturing'}]",2026-08-12
117,117,lab_audit,0.694,0.1366,0.0954,0.0319,0.042,80.3,8,2138,"[{'kg': 757, 'name': 'Connaught Place Hotel Group', 'source_id': 11, 'business_type': 'hotel'}, {'kg': 443, 'name': 'Hauz Khas Village Restaurants', 'source_id': 10, 'business_type': 'restaurant'}, {'kg': 938, 'name': 'Ghazipur Wholesale Market', 'source_id': 12, 'business_type': 'market'}]",2026-08-12
120,120,lab_audit,0.1174,0.3855,0.2531,0.1467,0.0973,19.4,8,505,"[{'kg': 505, 'name': 'Mayapuri Packaging Works', 'source_id': 13, 'business_type': 'manufacturing'}]",2026-08-13
119,119,lab_audit,0.5773,0.184,0.1419,0.0447,0.052,69.3,8,683,"[{'kg': 412, 'name': 'Grand Aravali Hotel', 'source_id': 5, 'business_type': 'hotel'}, {'kg': 271, 'name': 'Saket Food Court', 'source_id': 4, 'business_type': 'restaurant'}]",2026-08-13
122,122,lab_audit,0.6066,0.1976,0.1131,0.0442,0.0386,70.5,8,738,"[{'kg': 617, 'name': 'Grand Aravali Hotel', 'source_id': 5, 'business_type': 'hotel'}, {'kg': 121, 'name': 'Food Market DEF', 'source_id': 3, 'business_type': 'market'}]",2026-08-14
121,121,lab_audit,0.7031,0.1271,0.1093,0.0293,0.0312,79.0,8,533,"[{'kg': 56, 'name': 'Food Market DEF', 'source_id': 3, 'business_type': 'market'}, {'kg': 477, 'name': 'Hauz Khas Village Restaurants', 'source_id': 10, 'business_type': 'restaurant'}]",2026-08-14
123,123,lab_audit,0.8035,0.0864,0.06,0.0195,0.0307,85.7,8,90,"[{'kg': 90, 'name': 'Food Market DEF', 'source_id': 3, 'business_type': 'market'}]",2026-08-15
124,124,lab_audit,0.6953,0.1236,0.0759,0.0269,0.0782,69.3,8,3325,"[{'kg': 1382, 'name': 'Dwarka Sector 10 RWA', 'source_id': 16, 'business_type': 'municipal'}, {'kg': 1943, 'name': 'Najafgarh Agri Cooperative', 'source_id': 8, 'business_type': 'agriculture'}]",2026-08-15
125,125,lab_audit,0.6112,0.1561,0.1306,0.0487,0.0533,76.1,8,524,"[{'kg': 294, 'name': 'Hotel XYZ', 'source_id': 2, 'business_type': 'hotel'}, {'kg': 230, 'name': 'Hotel XYZ', 'source_id': 2, 'business_type': 'hotel'}]",2026-08-16
126,126,lab_audit,0.6023,0.1689,0.1378,0.0519,0.039,65.0,8,387,"[{'kg': 387, 'name': 'Hotel XYZ', 'source_id': 2, 'business_type': 'hotel'}]",2026-08-17
127,127,lab_audit,0.5657,0.169,0.1073,0.0464,0.1117,59.1,8,3299,"[{'kg': 698, 'name': 'Cyber Hub Food Court', 'source_id': 17, 'business_type': 'restaurant'}, {'kg': 1091, 'name': 'Dwarka Sector 10 RWA', 'source_id': 16, 'business_type': 'municipal'}, {'kg': 1510, 'name': 'Dwarka Sector 10 RWA', 'source_id': 16, 'business_type': 'municipal'}]",2026-08-17
128,128,lab_audit,0.5669,0.1784,0.1119,0.0415,0.1013,66.7,8,2612,"[{'kg': 1866, 'name': 'Rohini Sector 7 RWA', 'source_id': 15, 'business_type': 'municipal'}, {'kg': 746, 'name': 'Bawana Dairy Processing', 'source_id': 14, 'business_type': 'food_processing'}]",2026-08-18
129,129,lab_audit,0.7659,0.1061,0.0825,0.025,0.0204,74.5,8,1216,"[{'kg': 603, 'name': 'Restaurant ABC', 'source_id': 1, 'business_type': 'restaurant'}, {'kg': 613, 'name': 'Okhla Fresh Foods Pvt Ltd', 'source_id': 7, 'business_type': 'food_processing'}]",2026-08-18
130,130,lab_audit,0.5224,0.2311,0.1498,0.0511,0.0455,70.8,8,542,"[{'kg': 542, 'name': 'Connaught Place Hotel Group', 'source_id': 11, 'business_type': 'hotel'}]",2026-08-19
131,131,lab_audit,0.6805,0.1337,0.0992,0.0286,0.058,81.3,8,4598,"[{'kg': 1325, 'name': 'Rohini Sector 7 RWA', 'source_id': 15, 'business_type': 'municipal'}, {'kg': 2242, 'name': 'Azadpur Mandi Block C', 'source_id': 6, 'business_type': 'market'}, {'kg': 1031, 'name': 'Bawana Dairy Processing', 'source_id': 14, 'business_type': 'food_processing'}]",2026-08-19
133,133,lab_audit,0.8831,0.0422,0.0211,0.0125,0.0412,66.9,8,1508,"[{'kg': 1508, 'name': 'Sohna Farm Collective', 'source_id': 20, 'business_type': 'agriculture'}]",2026-08-20
132,132,lab_audit,0.5833,0.2159,0.1138,0.0432,0.0437,76.0,8,730,"[{'kg': 400, 'name': 'Restaurant ABC', 'source_id': 1, 'business_type': 'restaurant'}, {'kg': 330, 'name': 'Grand Aravali Hotel', 'source_id': 5, 'business_type': 'hotel'}]",2026-08-20
134,134,lab_audit,0.1356,0.3659,0.2563,0.1482,0.0941,24.5,8,514,"[{'kg': 514, 'name': 'Manesar Auto Components', 'source_id': 19, 'business_type': 'manufacturing'}]",2026-08-21
135,135,lab_audit,0.7298,0.1214,0.0874,0.0298,0.0316,77.4,8,1149,"[{'kg': 658, 'name': 'Restaurant ABC', 'source_id': 1, 'business_type': 'restaurant'}, {'kg': 491, 'name': 'Hauz Khas Village Restaurants', 'source_id': 10, 'business_type': 'restaurant'}]",2026-08-21
136,136,lab_audit,0.5386,0.2034,0.1611,0.047,0.05,71.4,8,604,"[{'kg': 604, 'name': 'Gurugram Leela Hotel', 'source_id': 18, 'business_type': 'hotel'}]",2026-08-22
137,137,lab_audit,0.769,0.0943,0.0733,0.0186,0.0448,88.3,8,1399,"[{'kg': 1399, 'name': 'Azadpur Mandi Block C', 'source_id': 6, 'business_type': 'market'}]",2026-08-22
138,138,lab_audit,0.235,0.3719,0.1973,0.1139,0.082,47.3,8,1977,"[{'kg': 507, 'name': 'Manesar Auto Components', 'source_id': 19, 'business_type': 'manufacturing'}, {'kg': 560, 'name': 'Cyber Hub Food Court', 'source_id': 17, 'business_type': 'restaurant'}, {'kg': 910, 'name': 'Manesar Auto Components', 'source_id': 19, 'business_type': 'manufacturing'}]",2026-08-23
140,140,lab_audit,0.6741,0.1227,0.1046,0.0297,0.0688,68.8,8,2965,"[{'kg': 1495, 'name': 'Bawana Dairy Processing', 'source_id': 14, 'business_type': 'food_processing'}, {'kg': 1470, 'name': 'Rohini Sector 7 RWA', 'source_id': 15, 'business_type': 'municipal'}]",2026-08-24
139,139,lab_audit,0.8145,0.0771,0.0587,0.015,0.0347,79.4,8,1785,"[{'kg': 1785, 'name': 'Ghazipur Wholesale Market', 'source_id': 12, 'business_type': 'market'}]",2026-08-24
141,141,lab_audit,0.6572,0.1258,0.1022,0.0332,0.0816,61.1,8,4095,"[{'kg': 1796, 'name': 'Najafgarh Agri Cooperative', 'source_id': 8, 'business_type': 'agriculture'}, {'kg': 1849, 'name': 'Dwarka Sector 10 RWA', 'source_id': 16, 'business_type': 'municipal'}, {'kg': 450, 'name': 'Gurugram Leela Hotel', 'source_id': 18, 'business_type': 'hotel'}]",2026-08-25
142,142,lab_audit,0.6247,0.1653,0.1229,0.044,0.0431,76.3,8,1325,"[{'kg': 526, 'name': 'Lajpat Nagar Eateries Cluster', 'source_id': 9, 'business_type': 'restaurant'}, {'kg': 457, 'name': 'Connaught Place Hotel Group', 'source_id': 11, 'business_type': 'hotel'}, {'kg': 342, 'name': 'Hotel XYZ', 'source_id': 2, 'business_type': 'hotel'}]",2026-08-25
144,144,lab_audit,0.1132,0.4085,0.2207,0.1624,0.0952,32.3,8,529,"[{'kg': 529, 'name': 'Manesar Auto Components', 'source_id': 19, 'business_type': 'manufacturing'}]",2026-08-26
143,143,lab_audit,0.6447,0.1691,0.1144,0.0403,0.0315,80.7,8,1216,"[{'kg': 872, 'name': 'Cyber Hub Food Court', 'source_id': 17, 'business_type': 'restaurant'}, {'kg': 344, 'name': 'Gurugram Leela Hotel', 'source_id': 18, 'business_type': 'hotel'}]",2026-08-26
146,146,lab_audit,0.5949,0.1761,0.1321,0.0522,0.0447,74.9,8,793,"[{'kg': 322, 'name': 'Hotel XYZ', 'source_id': 2, 'business_type': 'hotel'}, {'kg': 471, 'name': 'Restaurant ABC', 'source_id': 1, 'business_type': 'restaurant'}]",2026-08-27
145,145,lab_audit,0.5278,0.1845,0.1235,0.0492,0.1151,59.8,8,5599,"[{'kg': 2030, 'name': 'Rohini Sector 7 RWA', 'source_id': 15, 'business_type': 'municipal'}, {'kg': 2171, 'name': 'Rohini Sector 7 RWA', 'source_id': 15, 'business_type': 'municipal'}, {'kg': 1398, 'name': 'Bawana Dairy Processing', 'source_id': 14, 'business_type': 'food_processing'}]",2026-08-27
148,148,lab_audit,0.8255,0.0773,0.061,0.0179,0.0182,74.8,8,4197,"[{'kg': 1764, 'name': 'Bawana Dairy Processing', 'source_id': 14, 'business_type': 'food_processing'}, {'kg': 1685, 'name': 'Azadpur Mandi Block C', 'source_id': 6, 'business_type': 'market'}, {'kg': 748, 'name': 'Bawana Dairy Processing', 'source_id': 14, 'business_type': 'food_processing'}]",2026-08-28
147,147,lab_audit,0.7022,0.1633,0.0675,0.0366,0.0305,77.2,8,450,"[{'kg': 450, 'name': 'Saket Food Court', 'source_id': 4, 'business_type': 'restaurant'}]",2026-08-28
150,150,lab_audit,0.8313,0.0695,0.0669,0.0166,0.0157,86.5,8,2336,"[{'kg': 954, 'name': 'Bawana Dairy Processing', 'source_id': 14, 'business_type': 'food_processing'}, {'kg': 1382, 'name': 'Bawana Dairy Processing', 'source_id': 14, 'business_type': 'food_processing'}]",2026-08-29
149,149,lab_audit,0.1107,0.3846,0.2346,0.1657,0.1044,26.4,8,642,"[{'kg': 642, 'name': 'Mayapuri Packaging Works', 'source_id': 13, 'business_type': 'manufacturing'}]",2026-08-29
152,152,lab_audit,0.5826,0.181,0.1353,0.0528,0.0483,78.7,8,2169,"[{'kg': 1002, 'name': 'Connaught Place Hotel Group', 'source_id': 11, 'business_type': 'hotel'}, {'kg': 300, 'name': 'Lajpat Nagar Eateries Cluster', 'source_id': 9, 'business_type': 'restaurant'}, {'kg': 867, 'name': 'Grand Aravali Hotel', 'source_id': 5, 'business_type': 'hotel'}]",2026-08-30
151,151,lab_audit,0.557,0.1788,0.1551,0.0638,0.0454,75.3,8,312,"[{'kg': 312, 'name': 'Hotel XYZ', 'source_id': 2, 'business_type': 'hotel'}]",2026-08-30
153,153,lab_audit,0.3606,0.256,0.2109,0.0994,0.0732,50.6,8,2108,"[{'kg': 485, 'name': 'Gurugram Leela Hotel', 'source_id': 18, 'business_type': 'hotel'}, {'kg': 857, 'name': 'Manesar Auto Components', 'source_id': 19, 'business_type': 'manufacturing'}, {'kg': 766, 'name': 'Gurugram Leela Hotel', 'source_id': 18, 'business_type': 'hotel'}]",2026-08-31
155,155,lab_audit,0.4804,0.2246,0.1202,0.0551,0.1198,58.4,9,2056,"[{'kg': 918, 'name': 'Dwarka Sector 10 RWA', 'source_id': 16, 'business_type': 'municipal'}, {'kg': 437, 'name': 'Gurugram Leela Hotel', 'source_id': 18, 'business_type': 'hotel'}, {'kg': 701, 'name': 'Dwarka Sector 10 RWA', 'source_id': 16, 'business_type': 'municipal'}]",2026-09-01
154,154,lab_audit,0.6553,0.1491,0.1148,0.0268,0.0541,84.7,9,1895,"[{'kg': 125, 'name': 'Food Market DEF', 'source_id': 3, 'business_type': 'market'}, {'kg': 1021, 'name': 'Ghazipur Wholesale Market', 'source_id': 12, 'business_type': 'market'}, {'kg': 749, 'name': 'Connaught Place Hotel Group', 'source_id': 11, 'business_type': 'hotel'}]",2026-09-01
157,157,lab_audit,0.8431,0.0767,0.0459,0.0178,0.0165,82.4,9,1778,"[{'kg': 1061, 'name': 'Okhla Fresh Foods Pvt Ltd', 'source_id': 7, 'business_type': 'food_processing'}, {'kg': 717, 'name': 'Okhla Fresh Foods Pvt Ltd', 'source_id': 7, 'business_type': 'food_processing'}]",2026-09-02
156,156,lab_audit,0.8254,0.0747,0.0505,0.0177,0.0317,87.6,9,1703,"[{'kg': 1703, 'name': 'Ghazipur Wholesale Market', 'source_id': 12, 'business_type': 'market'}]",2026-09-02
158,158,lab_audit,0.7708,0.1105,0.0614,0.0243,0.033,86.3,9,1623,"[{'kg': 1153, 'name': 'Ghazipur Wholesale Market', 'source_id': 12, 'business_type': 'market'}, {'kg': 470, 'name': 'Lajpat Nagar Eateries Cluster', 'source_id': 9, 'business_type': 'restaurant'}]",2026-09-03
159,159,lab_audit,0.535,0.1738,0.1202,0.0381,0.133,55.4,9,1862,"[{'kg': 1862, 'name': 'Dwarka Sector 10 RWA', 'source_id': 16, 'business_type': 'municipal'}]",2026-09-03
160,160,lab_audit,0.7559,0.1175,0.0623,0.0313,0.033,80.4,9,409,"[{'kg': 84, 'name': 'Food Market DEF', 'source_id': 3, 'business_type': 'market'}, {'kg': 65, 'name': 'Food Market DEF', 'source_id': 3, 'business_type': 'market'}, {'kg': 260, 'name': 'Saket Food Court', 'source_id': 4, 'business_type': 'restaurant'}]",2026-09-04
161,161,lab_audit,0.7288,0.1167,0.0792,0.039,0.0363,73.5,9,2625,"[{'kg': 689, 'name': 'Grand Aravali Hotel', 'source_id': 5, 'business_type': 'hotel'}, {'kg': 472, 'name': 'Saket Food Court', 'source_id': 4, 'business_type': 'restaurant'}, {'kg': 1464, 'name': 'Ghazipur Wholesale Market', 'source_id': 12, 'business_type': 'market'}]",2026-09-04
163,163,lab_audit,0.5779,0.1626,0.1281,0.0622,0.0692,56.6,9,2640,"[{'kg': 1106, 'name': 'Sohna Farm Collective', 'source_id': 20, 'business_type': 'agriculture'}, {'kg': 666, 'name': 'Manesar Auto Components', 'source_id': 19, 'business_type': 'manufacturing'}, {'kg': 868, 'name': 'Dwarka Sector 10 RWA', 'source_id': 16, 'business_type': 'municipal'}]",2026-09-05
162,162,lab_audit,0.8022,0.0951,0.0638,0.0185,0.0204,75.5,9,1809,"[{'kg': 1809, 'name': 'Bawana Dairy Processing', 'source_id': 14, 'business_type': 'food_processing'}]",2026-09-05
165,165,lab_audit,0.6179,0.1815,0.0997,0.0581,0.0428,64.8,9,3824,"[{'kg': 1136, 'name': 'Mayapuri Packaging Works', 'source_id': 13, 'business_type': 'manufacturing'}, {'kg': 1171, 'name': 'Bawana Dairy Processing', 'source_id': 14, 'business_type': 'food_processing'}, {'kg': 1517, 'name': 'Bawana Dairy Processing', 'source_id': 14, 'business_type': 'food_processing'}]",2026-09-06
164,164,lab_audit,0.6974,0.1493,0.0921,0.0311,0.0301,80.9,9,2387,"[{'kg': 1500, 'name': 'Okhla Fresh Foods Pvt Ltd', 'source_id': 7, 'business_type': 'food_processing'}, {'kg': 793, 'name': 'Grand Aravali Hotel', 'source_id': 5, 'business_type': 'hotel'}, {'kg': 94, 'name': 'Food Market DEF', 'source_id': 3, 'business_type': 'market'}]",2026-09-06
166,166,lab_audit,0.9091,0.035,0.0164,0.0101,0.0294,61.0,9,3558,"[{'kg': 2033, 'name': 'Najafgarh Agri Cooperative', 'source_id': 8, 'business_type': 'agriculture'}, {'kg': 1525, 'name': 'Sohna Farm Collective', 'source_id': 20, 'business_type': 'agriculture'}]",2026-09-07
168,168,lab_audit,0.5466,0.1886,0.1257,0.0788,0.0602,49.6,9,2160,"[{'kg': 679, 'name': 'Sohna Farm Collective', 'source_id': 20, 'business_type': 'agriculture'}, {'kg': 445, 'name': 'Cyber Hub Food Court', 'source_id': 17, 'business_type': 'restaurant'}, {'kg': 1036, 'name': 'Manesar Auto Components', 'source_id': 19, 'business_type': 'manufacturing'}]",2026-09-08
167,167,lab_audit,0.7133,0.1364,0.0955,0.0232,0.0315,75.4,9,2669,"[{'kg': 856, 'name': 'Grand Aravali Hotel', 'source_id': 5, 'business_type': 'hotel'}, {'kg': 433, 'name': 'Saket Food Court', 'source_id': 4, 'business_type': 'restaurant'}, {'kg': 1380, 'name': 'Okhla Fresh Foods Pvt Ltd', 'source_id': 7, 'business_type': 'food_processing'}]",2026-09-08
170,170,lab_audit,0.8055,0.0903,0.0581,0.0236,0.0226,91.5,9,2207,"[{'kg': 1310, 'name': 'Bawana Dairy Processing', 'source_id': 14, 'business_type': 'food_processing'}, {'kg': 897, 'name': 'Bawana Dairy Processing', 'source_id': 14, 'business_type': 'food_processing'}]",2026-09-09
169,169,lab_audit,0.6535,0.1802,0.0844,0.0411,0.0407,79.2,9,2461,"[{'kg': 1049, 'name': 'Cyber Hub Food Court', 'source_id': 17, 'business_type': 'restaurant'}, {'kg': 654, 'name': 'Gurugram Leela Hotel', 'source_id': 18, 'business_type': 'hotel'}, {'kg': 758, 'name': 'Cyber Hub Food Court', 'source_id': 17, 'business_type': 'restaurant'}]",2026-09-09
172,172,lab_audit,0.5733,0.1706,0.1565,0.0417,0.0579,70.0,9,1013,"[{'kg': 699, 'name': 'Connaught Place Hotel Group', 'source_id': 11, 'business_type': 'hotel'}, {'kg': 314, 'name': 'Hotel XYZ', 'source_id': 2, 'business_type': 'hotel'}]",2026-09-10
171,171,lab_audit,0.6393,0.1485,0.1119,0.0439,0.0565,68.4,9,3869,"[{'kg': 2778, 'name': 'Azadpur Mandi Block C', 'source_id': 6, 'business_type': 'market'}, {'kg': 1091, 'name': 'Mayapuri Packaging Works', 'source_id': 13, 'business_type': 'manufacturing'}]",2026-09-10
174,174,lab_audit,0.3228,0.3014,0.1757,0.094,0.1061,42.5,9,3775,"[{'kg': 1775, 'name': 'Rohini Sector 7 RWA', 'source_id': 15, 'business_type': 'municipal'}, {'kg': 909, 'name': 'Mayapuri Packaging Works', 'source_id': 13, 'business_type': 'manufacturing'}, {'kg': 1091, 'name': 'Mayapuri Packaging Works', 'source_id': 13, 'business_type': 'manufacturing'}]",2026-09-11
173,173,lab_audit,0.5469,0.1638,0.1383,0.0442,0.1068,57.3,9,2393,"[{'kg': 1889, 'name': 'Dwarka Sector 10 RWA', 'source_id': 16, 'business_type': 'municipal'}, {'kg': 504, 'name': 'Gurugram Leela Hotel', 'source_id': 18, 'business_type': 'hotel'}]",2026-09-11
175,175,lab_audit,0.6782,0.1616,0.0855,0.0439,0.0308,84.5,9,258,"[{'kg': 258, 'name': 'Lajpat Nagar Eateries Cluster', 'source_id': 9, 'business_type': 'restaurant'}]",2026-09-12
176,176,lab_audit,0.8083,0.0919,0.0413,0.0182,0.0403,84.6,9,2370,"[{'kg': 2370, 'name': 'Azadpur Mandi Block C', 'source_id': 6, 'business_type': 'market'}]",2026-09-12
177,177,lab_audit,0.583,0.1645,0.1499,0.0484,0.0541,71.4,9,939,"[{'kg': 454, 'name': 'Grand Aravali Hotel', 'source_id': 5, 'business_type': 'hotel'}, {'kg': 89, 'name': 'Food Market DEF', 'source_id': 3, 'business_type': 'market'}, {'kg': 396, 'name': 'Grand Aravali Hotel', 'source_id': 5, 'business_type': 'hotel'}]",2026-09-13
178,178,lab_audit,0.5797,0.1959,0.1314,0.0486,0.0444,75.1,9,2220,"[{'kg': 798, 'name': 'Connaught Place Hotel Group', 'source_id': 11, 'business_type': 'hotel'}, {'kg': 578, 'name': 'Restaurant ABC', 'source_id': 1, 'business_type': 'restaurant'}, {'kg': 844, 'name': 'Grand Aravali Hotel', 'source_id': 5, 'business_type': 'hotel'}]",2026-09-13
179,179,lab_audit,0.7214,0.1296,0.0894,0.0338,0.0258,78.8,9,181,"[{'kg': 181, 'name': 'Saket Food Court', 'source_id': 4, 'business_type': 'restaurant'}]",2026-09-14
180,180,lab_audit,0.826,0.0872,0.0335,0.0193,0.0339,82.2,9,4300,"[{'kg': 1007, 'name': 'Bawana Dairy Processing', 'source_id': 14, 'business_type': 'food_processing'}, {'kg': 1288, 'name': 'Bawana Dairy Processing', 'source_id': 14, 'business_type': 'food_processing'}, {'kg': 2005, 'name': 'Azadpur Mandi Block C', 'source_id': 6, 'business_type': 'market'}]",2026-09-15
181,181,lab_audit,0.576,0.1889,0.1436,0.0426,0.0488,68.9,9,1418,"[{'kg': 514, 'name': 'Hotel XYZ', 'source_id': 2, 'business_type': 'hotel'}, {'kg': 623, 'name': 'Connaught Place Hotel Group', 'source_id': 11, 'business_type': 'hotel'}, {'kg': 281, 'name': 'Lajpat Nagar Eateries Cluster', 'source_id': 9, 'business_type': 'restaurant'}]",2026-09-15
182,182,lab_audit,0.8038,0.081,0.056,0.0231,0.0361,82.3,9,942,"[{'kg': 942, 'name': 'Ghazipur Wholesale Market', 'source_id': 12, 'business_type': 'market'}]",2026-09-16
183,183,lab_audit,0.7014,0.1242,0.1051,0.0373,0.0321,70.9,9,1268,"[{'kg': 409, 'name': 'Restaurant ABC', 'source_id': 1, 'business_type': 'restaurant'}, {'kg': 393, 'name': 'Hauz Khas Village Restaurants', 'source_id': 10, 'business_type': 'restaurant'}, {'kg': 466, 'name': 'Saket Food Court', 'source_id': 4, 'business_type': 'restaurant'}]",2026-09-16
184,184,lab_audit,0.7897,0.1035,0.0635,0.023,0.0203,89.2,9,2052,"[{'kg': 1407, 'name': 'Okhla Fresh Foods Pvt Ltd', 'source_id': 7, 'business_type': 'food_processing'}, {'kg': 374, 'name': 'Saket Food Court', 'source_id': 4, 'business_type': 'restaurant'}, {'kg': 271, 'name': 'Saket Food Court', 'source_id': 4, 'business_type': 'restaurant'}]",2026-09-17
185,185,lab_audit,0.6501,0.1562,0.1097,0.0462,0.0377,72.9,9,1060,"[{'kg': 377, 'name': 'Saket Food Court', 'source_id': 4, 'business_type': 'restaurant'}, {'kg': 245, 'name': 'Saket Food Court', 'source_id': 4, 'business_type': 'restaurant'}, {'kg': 438, 'name': 'Hotel XYZ', 'source_id': 2, 'business_type': 'hotel'}]",2026-09-17
187,187,lab_audit,0.5818,0.1824,0.1363,0.0453,0.0541,73.5,9,513,"[{'kg': 423, 'name': 'Connaught Place Hotel Group', 'source_id': 11, 'business_type': 'hotel'}, {'kg': 90, 'name': 'Food Market DEF', 'source_id': 3, 'business_type': 'market'}]",2026-09-18
186,186,lab_audit,0.692,0.1335,0.104,0.0347,0.0358,72.3,9,1523,"[{'kg': 545, 'name': 'Lajpat Nagar Eateries Cluster', 'source_id': 9, 'business_type': 'restaurant'}, {'kg': 655, 'name': 'Restaurant ABC', 'source_id': 1, 'business_type': 'restaurant'}, {'kg': 323, 'name': 'Hauz Khas Village Restaurants', 'source_id': 10, 'business_type': 'restaurant'}]",2026-09-18
189,189,lab_audit,0.6095,0.168,0.143,0.0377,0.0418,73.7,9,931,"[{'kg': 931, 'name': 'Connaught Place Hotel Group', 'source_id': 11, 'business_type': 'hotel'}]",2026-09-19
188,188,lab_audit,0.6907,0.1549,0.086,0.0379,0.0305,78.7,9,980,"[{'kg': 980, 'name': 'Cyber Hub Food Court', 'source_id': 17, 'business_type': 'restaurant'}]",2026-09-19
191,191,lab_audit,0.7998,0.0931,0.0512,0.0194,0.0366,92.0,9,1049,"[{'kg': 1049, 'name': 'Ghazipur Wholesale Market', 'source_id': 12, 'business_type': 'market'}]",2026-09-20
190,190,lab_audit,0.5915,0.1972,0.1243,0.0495,0.0375,75.8,9,829,"[{'kg': 388, 'name': 'Grand Aravali Hotel', 'source_id': 5, 'business_type': 'hotel'}, {'kg': 441, 'name': 'Connaught Place Hotel Group', 'source_id': 11, 'business_type': 'hotel'}]",2026-09-20
193,193,lab_audit,0.5791,0.1907,0.1396,0.0476,0.043,74.7,9,1008,"[{'kg': 394, 'name': 'Connaught Place Hotel Group', 'source_id': 11, 'business_type': 'hotel'}, {'kg': 71, 'name': 'Food Market DEF', 'source_id': 3, 'business_type': 'market'}, {'kg': 543, 'name': 'Grand Aravali Hotel', 'source_id': 5, 'business_type': 'hotel'}]",2026-09-21
192,192,lab_audit,0.6818,0.1559,0.0923,0.0374,0.0326,79.6,9,935,"[{'kg': 435, 'name': 'Restaurant ABC', 'source_id': 1, 'business_type': 'restaurant'}, {'kg': 500, 'name': 'Hauz Khas Village Restaurants', 'source_id': 10, 'business_type': 'restaurant'}]",2026-09-21
194,194,lab_audit,0.5558,0.2011,0.1417,0.0465,0.0549,72.2,9,430,"[{'kg': 366, 'name': 'Hotel XYZ', 'source_id': 2, 'business_type': 'hotel'}, {'kg': 64, 'name': 'Food Market DEF', 'source_id': 3, 'business_type': 'market'}]",2026-09-22
195,195,lab_audit,0.9221,0.0309,0.0176,0.0075,0.022,68.3,9,4983,"[{'kg': 1995, 'name': 'Najafgarh Agri Cooperative', 'source_id': 8, 'business_type': 'agriculture'}, {'kg': 1219, 'name': 'Sohna Farm Collective', 'source_id': 20, 'business_type': 'agriculture'}, {'kg': 1769, 'name': 'Najafgarh Agri Cooperative', 'source_id': 8, 'business_type': 'agriculture'}]",2026-09-23
196,196,lab_audit,0.9066,0.0317,0.0189,0.0078,0.035,69.3,9,4929,"[{'kg': 1627, 'name': 'Sohna Farm Collective', 'source_id': 20, 'business_type': 'agriculture'}, {'kg': 1974, 'name': 'Najafgarh Agri Cooperative', 'source_id': 8, 'business_type': 'agriculture'}, {'kg': 1328, 'name': 'Najafgarh Agri Cooperative', 'source_id': 8, 'business_type': 'agriculture'}]",2026-09-23
197,197,lab_audit,0.5659,0.1714,0.1618,0.0458,0.055,82.8,9,1076,"[{'kg': 741, 'name': 'Connaught Place Hotel Group', 'source_id': 11, 'business_type': 'hotel'}, {'kg': 335, 'name': 'Hotel XYZ', 'source_id': 2, 'business_type': 'hotel'}]",2026-09-24
198,198,lab_audit,0.771,0.1118,0.0626,0.0224,0.0322,81.3,9,1136,"[{'kg': 377, 'name': 'Saket Food Court', 'source_id': 4, 'business_type': 'restaurant'}, {'kg': 759, 'name': 'Ghazipur Wholesale Market', 'source_id': 12, 'business_type': 'market'}]",2026-09-24
199,199,lab_audit,0.84,0.0668,0.0415,0.0206,0.0311,68.9,9,2131,"[{'kg': 630, 'name': 'Cyber Hub Food Court', 'source_id': 17, 'business_type': 'restaurant'}, {'kg': 1501, 'name': 'Najafgarh Agri Cooperative', 'source_id': 8, 'business_type': 'agriculture'}]",2026-09-25
200,200,lab_audit,0.5656,0.2079,0.1338,0.0478,0.0449,78.8,9,933,"[{'kg': 87, 'name': 'Food Market DEF', 'source_id': 3, 'business_type': 'market'}, {'kg': 706, 'name': 'Connaught Place Hotel Group', 'source_id': 11, 'business_type': 'hotel'}, {'kg': 140, 'name': 'Food Market DEF', 'source_id': 3, 'business_type': 'market'}]",2026-09-25
202,202,lab_audit,0.7184,0.1277,0.0753,0.0264,0.0524,79.5,9,6233,"[{'kg': 1368, 'name': 'Rohini Sector 7 RWA', 'source_id': 15, 'business_type': 'municipal'}, {'kg': 1590, 'name': 'Bawana Dairy Processing', 'source_id': 14, 'business_type': 'food_processing'}, {'kg': 3275, 'name': 'Azadpur Mandi Block C', 'source_id': 6, 'business_type': 'market'}]",2026-09-26
201,201,lab_audit,0.5366,0.198,0.1593,0.059,0.0471,72.5,9,515,"[{'kg': 515, 'name': 'Hotel XYZ', 'source_id': 2, 'business_type': 'hotel'}]",2026-09-26
204,204,lab_audit,0.5988,0.167,0.1431,0.0419,0.0493,63.1,9,1446,"[{'kg': 610, 'name': 'Connaught Place Hotel Group', 'source_id': 11, 'business_type': 'hotel'}, {'kg': 429, 'name': 'Hotel XYZ', 'source_id': 2, 'business_type': 'hotel'}, {'kg': 407, 'name': 'Grand Aravali Hotel', 'source_id': 5, 'business_type': 'hotel'}]",2026-09-27
203,203,lab_audit,0.9034,0.0384,0.019,0.0099,0.0293,70.0,9,912,"[{'kg': 912, 'name': 'Sohna Farm Collective', 'source_id': 20, 'business_type': 'agriculture'}]",2026-09-27
206,206,lab_audit,0.5906,0.1617,0.1166,0.0487,0.0824,69.3,9,5018,"[{'kg': 1428, 'name': 'Bawana Dairy Processing', 'source_id': 14, 'business_type': 'food_processing'}, {'kg': 2001, 'name': 'Rohini Sector 7 RWA', 'source_id': 15, 'business_type': 'municipal'}, {'kg': 1589, 'name': 'Rohini Sector 7 RWA', 'source_id': 15, 'business_type': 'municipal'}]",2026-09-28
205,205,lab_audit,0.8991,0.0366,0.0174,0.0096,0.0373,67.7,9,2063,"[{'kg': 788, 'name': 'Sohna Farm Collective', 'source_id': 20, 'business_type': 'agriculture'}, {'kg': 1275, 'name': 'Sohna Farm Collective', 'source_id': 20, 'business_type': 'agriculture'}]",2026-09-28
207,207,lab_audit,0.5494,0.2023,0.1404,0.0568,0.0511,69.4,9,372,"[{'kg': 372, 'name': 'Hotel XYZ', 'source_id': 2, 'business_type': 'hotel'}]",2026-09-29
208,208,lab_audit,0.5998,0.182,0.1357,0.0386,0.0439,73.9,9,1106,"[{'kg': 466, 'name': 'Lajpat Nagar Eateries Cluster', 'source_id': 9, 'business_type': 'restaurant'}, {'kg': 640, 'name': 'Grand Aravali Hotel', 'source_id': 5, 'business_type': 'hotel'}]",2026-09-30
209,209,lab_audit,0.5603,0.179,0.1385,0.0676,0.0546,66.6,9,2960,"[{'kg': 1892, 'name': 'Azadpur Mandi Block C', 'source_id': 6, 'business_type': 'market'}, {'kg': 1068, 'name': 'Mayapuri Packaging Works', 'source_id': 13, 'business_type': 'manufacturing'}]",2026-09-30
211,211,lab_audit,0.5385,0.163,0.1205,0.0523,0.1258,57.4,10,1321,"[{'kg': 1321, 'name': 'Rohini Sector 7 RWA', 'source_id': 15, 'business_type': 'municipal'}]",2026-10-01
210,210,lab_audit,0.5325,0.2476,0.1229,0.0459,0.051,67.9,10,1371,"[{'kg': 462, 'name': 'Hotel XYZ', 'source_id': 2, 'business_type': 'hotel'}, {'kg': 228, 'name': 'Lajpat Nagar Eateries Cluster', 'source_id': 9, 'business_type': 'restaurant'}, {'kg': 681, 'name': 'Grand Aravali Hotel', 'source_id': 5, 'business_type': 'hotel'}]",2026-10-01
213,213,lab_audit,0.6689,0.1431,0.1106,0.0474,0.0299,75.3,10,201,"[{'kg': 201, 'name': 'Hauz Khas Village Restaurants', 'source_id': 10, 'business_type': 'restaurant'}]",2026-10-02
212,212,lab_audit,0.7479,0.105,0.0899,0.0316,0.0256,79.8,10,1706,"[{'kg': 494, 'name': 'Lajpat Nagar Eateries Cluster', 'source_id': 9, 'business_type': 'restaurant'}, {'kg': 1212, 'name': 'Okhla Fresh Foods Pvt Ltd', 'source_id': 7, 'business_type': 'food_processing'}]",2026-10-02
214,214,lab_audit,0.6008,0.1822,0.137,0.0484,0.0315,70.4,10,887,"[{'kg': 357, 'name': 'Saket Food Court', 'source_id': 4, 'business_type': 'restaurant'}, {'kg': 530, 'name': 'Grand Aravali Hotel', 'source_id': 5, 'business_type': 'hotel'}]",2026-10-03
215,215,lab_audit,0.5456,0.2202,0.1492,0.0375,0.0475,64.7,10,1346,"[{'kg': 497, 'name': 'Hotel XYZ', 'source_id': 2, 'business_type': 'hotel'}, {'kg': 404, 'name': 'Lajpat Nagar Eateries Cluster', 'source_id': 9, 'business_type': 'restaurant'}, {'kg': 445, 'name': 'Connaught Place Hotel Group', 'source_id': 11, 'business_type': 'hotel'}]",2026-10-03
216,216,lab_audit,0.6432,0.1587,0.0966,0.046,0.0555,71.9,10,7473,"[{'kg': 2966, 'name': 'Azadpur Mandi Block C', 'source_id': 6, 'business_type': 'market'}, {'kg': 1185, 'name': 'Mayapuri Packaging Works', 'source_id': 13, 'business_type': 'manufacturing'}, {'kg': 3322, 'name': 'Azadpur Mandi Block C', 'source_id': 6, 'business_type': 'market'}]",2026-10-04
217,217,lab_audit,0.8143,0.0878,0.0528,0.0155,0.0297,59.0,10,2710,"[{'kg': 2047, 'name': 'Najafgarh Agri Cooperative', 'source_id': 8, 'business_type': 'agriculture'}, {'kg': 663, 'name': 'Gurugram Leela Hotel', 'source_id': 18, 'business_type': 'hotel'}]",2026-10-04
218,218,lab_audit,0.47,0.2154,0.1143,0.056,0.1443,51.7,10,1655,"[{'kg': 1655, 'name': 'Rohini Sector 7 RWA', 'source_id': 15, 'business_type': 'municipal'}]",2026-10-05
219,219,lab_audit,0.8155,0.0825,0.055,0.0161,0.0309,80.8,10,1518,"[{'kg': 1518, 'name': 'Azadpur Mandi Block C', 'source_id': 6, 'business_type': 'market'}]",2026-10-05
220,220,lab_audit,0.6359,0.1677,0.1064,0.0511,0.039,80.0,10,891,"[{'kg': 238, 'name': 'Hauz Khas Village Restaurants', 'source_id': 10, 'business_type': 'restaurant'}, {'kg': 302, 'name': 'Hauz Khas Village Restaurants', 'source_id': 10, 'business_type': 'restaurant'}, {'kg': 351, 'name': 'Hauz Khas Village Restaurants', 'source_id': 10, 'business_type': 'restaurant'}]",2026-10-06
