id,facility_id,facility_code,technology,efficiency_pct,utilization_pct,capacity_tpd,compatibility_pct,stream,input_kg,moisture_pct,actual_kwh,month,recorded_at,is_live_feedback
2,4,FAC-D,rdf_coprocessing,81,58,15,95,plastic,77.2,29.5,59.1,6,2026-06-12T06:59:49.549Z,False
1,3,FAC-C,anaerobic_digestion,67,89,6,80,organic,211.2,80.5,53.9,6,2026-06-12T14:01:45.429Z,False
3,2,FAC-B,anaerobic_digestion,89,42,10,98,organic,1772.6,66.8,752.8,6,2026-06-12T15:34:38.480Z,False
4,4,FAC-D,rdf_coprocessing,81,58,15,95,plastic,77.8,15.8,73.9,6,2026-06-13T06:04:40.469Z,False
7,3,FAC-C,anaerobic_digestion,67,89,6,80,organic,888.2,57.7,179.3,6,2026-06-13T19:42:51.518Z,False
8,6,FAC-F,combustion,76,64,30,65,plastic,416.7,6.7,518.9,6,2026-06-13T21:50:29.033Z,False
9,6,FAC-F,combustion,76,64,30,85,paper,311.9,6.7,184.2,6,2026-06-13T21:50:33.766Z,False
6,6,FAC-F,combustion,76,64,30,65,plastic,442.8,11.8,447.7,6,2026-06-13T22:40:35.324Z,False
5,1,FAC-A,anaerobic_digestion,71,75,8,92,organic,1117.6,62.8,275.3,6,2026-06-14T02:08:27.648Z,False
10,6,FAC-F,combustion,76,64,30,60,organic,2974.5,80.7,326.8,6,2026-06-14T14:09:24.174Z,False
12,3,FAC-C,anaerobic_digestion,67,89,6,80,organic,2725.9,72.9,658.1,6,2026-06-14T14:10:43.102Z,False
11,4,FAC-D,rdf_coprocessing,81,58,15,95,plastic,420.1,29.7,328.1,6,2026-06-14T21:41:39.291Z,False
14,4,FAC-D,rdf_coprocessing,81,58,15,62,paper,416.3,21.9,0.0,6,2026-06-15T03:20:39.235Z,False
13,6,FAC-F,combustion,76,64,30,65,plastic,564.6,21.9,636.7,6,2026-06-15T05:56:21.402Z,False
18,2,FAC-B,anaerobic_digestion,89,42,10,98,organic,94.4,81.7,38.2,6,2026-06-15T12:28:32.686Z,False
16,4,FAC-D,rdf_coprocessing,81,58,15,95,plastic,215.3,37.3,138.9,6,2026-06-15T18:39:08.334Z,False
15,3,FAC-C,anaerobic_digestion,67,89,6,80,organic,1245.2,88.3,291.1,6,2026-06-15T21:30:05.729Z,False
17,6,FAC-F,combustion,76,64,30,85,paper,135.5,37.3,78.1,6,2026-06-16T05:19:15.360Z,False
19,2,FAC-B,anaerobic_digestion,89,42,10,98,organic,944.3,88.4,348.6,6,2026-06-16T09:00:25.412Z,False
20,4,FAC-D,rdf_coprocessing,81,58,15,95,plastic,112.4,37.4,87.9,6,2026-06-16T17:05:04.052Z,False
23,4,FAC-D,rdf_coprocessing,81,58,15,95,plastic,120.9,31.3,114.7,6,2026-06-16T18:05:24.520Z,False
22,2,FAC-B,anaerobic_digestion,89,42,10,98,organic,314.3,82.3,123.9,6,2026-06-16T20:06:28.858Z,False
21,6,FAC-F,combustion,76,64,30,85,paper,76.0,37.4,42.9,6,2026-06-16T22:37:00.027Z,False
24,6,FAC-F,combustion,76,64,30,85,paper,82.7,31.3,54.5,6,2026-06-17T03:20:55.972Z,False
25,2,FAC-B,anaerobic_digestion,89,42,10,98,organic,409.6,76.6,163.2,6,2026-06-17T09:26:04.455Z,False
29,6,FAC-F,combustion,76,64,30,65,plastic,67.5,22.8,72.2,6,2026-06-17T12:07:54.571Z,False
27,6,FAC-F,combustion,76,64,30,85,paper,103.7,25.6,69.1,6,2026-06-17T18:29:58.318Z,False
28,2,FAC-B,anaerobic_digestion,89,42,10,98,organic,305.8,73.8,123.9,6,2026-06-17T19:14:19.792Z,False
26,4,FAC-D,rdf_coprocessing,81,58,15,95,plastic,100.8,25.6,81.5,6,2026-06-17T22:35:31.679Z,False
32,2,FAC-B,anaerobic_digestion,89,42,10,98,organic,1540.1,76.8,646.3,6,2026-06-18T06:16:17.821Z,False
30,3,FAC-C,anaerobic_digestion,67,89,6,80,organic,1636.8,82.7,362.2,6,2026-06-18T11:38:01.319Z,False
31,4,FAC-D,rdf_coprocessing,81,58,15,95,plastic,200.8,31.7,162.3,6,2026-06-18T15:05:22.648Z,False
33,6,FAC-F,combustion,76,64,30,65,plastic,359.4,25.8,360.9,6,2026-06-18T20:20:29.420Z,False
36,6,FAC-F,combustion,76,64,30,85,paper,159.9,36.1,100.2,6,2026-06-20T03:36:41.568Z,False
34,3,FAC-C,anaerobic_digestion,67,89,6,80,organic,2142.2,87.1,459.9,6,2026-06-20T06:07:30.880Z,False
35,6,FAC-F,combustion,76,64,30,65,plastic,317.8,36.1,330.8,6,2026-06-20T06:43:25.982Z,False
39,2,FAC-B,anaerobic_digestion,89,42,10,98,organic,177.0,80.4,69.0,6,2026-06-20T07:31:25.629Z,False
38,4,FAC-D,rdf_coprocessing,81,58,15,95,plastic,173.7,35.6,132.4,6,2026-06-20T13:27:49.169Z,False
37,2,FAC-B,anaerobic_digestion,89,42,10,98,organic,1748.2,86.6,741.7,6,2026-06-20T14:23:04.610Z,False
40,4,FAC-D,rdf_coprocessing,81,58,15,95,plastic,36.4,29.4,27.7,6,2026-06-20T17:21:55.618Z,False
41,3,FAC-C,anaerobic_digestion,67,89,6,80,organic,767.0,77.9,172.5,6,2026-06-21T06:36:08.601Z,False
45,4,FAC-D,rdf_coprocessing,81,58,15,95,plastic,344.1,8.6,404.8,6,2026-06-21T17:42:43.062Z,False
44,6,FAC-F,combustion,76,64,30,60,organic,923.7,59.6,134.8,6,2026-06-21T20:22:18.938Z,False
42,4,FAC-D,rdf_coprocessing,81,58,15,95,plastic,187.1,26.9,176.1,6,2026-06-22T00:13:54.766Z,False
43,4,FAC-D,rdf_coprocessing,81,58,15,62,paper,108.2,26.9,0.0,6,2026-06-22T01:13:16.584Z,False
49,6,FAC-F,combustion,76,64,30,65,plastic,217.9,26.9,218.6,6,2026-06-22T10:41:13.280Z,False
48,6,FAC-F,combustion,76,64,30,60,organic,672.7,77.9,68.2,6,2026-06-22T14:09:07.532Z,False
47,6,FAC-F,combustion,76,64,30,65,plastic,147.5,29.9,156.6,6,2026-06-22T17:07:22.956Z,False
46,1,FAC-A,anaerobic_digestion,71,75,8,92,organic,589.5,80.9,143.2,6,2026-06-23T00:20:49.906Z,False
53,1,FAC-A,anaerobic_digestion,71,75,8,92,organic,766.1,84.6,195.1,6,2026-06-23T12:21:45.480Z,False
50,2,FAC-B,anaerobic_digestion,89,42,10,98,organic,2343.6,70.9,969.9,6,2026-06-23T13:02:15.117Z,False
52,6,FAC-F,combustion,76,64,30,85,paper,172.6,19.9,94.6,6,2026-06-23T13:11:56.214Z,False
54,6,FAC-F,combustion,76,64,30,65,plastic,67.5,33.6,68.5,6,2026-06-23T13:44:22.599Z,False
51,4,FAC-D,rdf_coprocessing,81,58,15,95,plastic,190.7,19.9,175.1,6,2026-06-23T15:10:41.957Z,False
55,6,FAC-F,combustion,76,64,30,60,organic,1437.7,85.8,152.8,6,2026-06-24T08:27:19.286Z,False
56,4,FAC-D,rdf_coprocessing,81,58,15,95,plastic,170.4,34.8,122.9,6,2026-06-24T09:42:28.356Z,False
58,6,FAC-F,combustion,76,64,30,65,plastic,178.0,27.1,165.7,6,2026-06-24T17:11:32.675Z,False
59,4,FAC-D,rdf_coprocessing,81,58,15,62,paper,141.6,27.1,0.0,6,2026-06-24T19:06:52.283Z,False
57,1,FAC-A,anaerobic_digestion,71,75,8,92,organic,1335.5,78.1,342.5,6,2026-06-25T00:40:42.846Z,False
61,6,FAC-F,combustion,76,64,30,65,plastic,202.1,26.9,197.9,6,2026-06-25T03:53:51.205Z,False
62,2,FAC-B,anaerobic_digestion,89,42,10,98,organic,685.6,77.5,303.6,6,2026-06-25T08:21:42.369Z,False
60,1,FAC-A,anaerobic_digestion,71,75,8,92,organic,581.5,77.9,156.4,6,2026-06-25T10:26:18.316Z,False
63,6,FAC-F,combustion,76,64,30,65,plastic,242.7,26.5,231.2,6,2026-06-25T18:37:27.669Z,False
66,6,FAC-F,combustion,76,64,30,85,paper,56.6,36.1,34.7,6,2026-06-26T10:59:32.361Z,False
64,3,FAC-C,anaerobic_digestion,67,89,6,80,organic,749.8,87.1,183.4,6,2026-06-26T17:14:14.043Z,False
65,4,FAC-D,rdf_coprocessing,81,58,15,95,plastic,83.0,36.1,57.7,6,2026-06-26T20:49:00.819Z,False
72,4,FAC-D,rdf_coprocessing,81,58,15,62,paper,154.8,31.8,0.0,6,2026-06-27T06:16:36.779Z,False
70,2,FAC-B,anaerobic_digestion,89,42,10,98,organic,1251.3,82.8,531.5,6,2026-06-27T10:39:31.895Z,False
67,1,FAC-A,anaerobic_digestion,71,75,8,92,organic,2539.6,69.6,668.9,6,2026-06-27T11:29:58.721Z,False
71,6,FAC-F,combustion,76,64,30,65,plastic,213.1,31.8,201.9,6,2026-06-27T13:52:50.549Z,False
68,6,FAC-F,combustion,76,64,30,65,plastic,224.0,18.6,247.6,6,2026-06-27T17:41:20.736Z,False
69,6,FAC-F,combustion,76,64,30,85,paper,152.2,18.6,93.6,6,2026-06-27T22:51:19.897Z,False
76,6,FAC-F,combustion,76,64,30,65,plastic,556.1,17.1,522.4,6,2026-06-29T00:19:22.444Z,False
73,6,FAC-F,combustion,76,64,30,60,organic,773.8,83.5,71.7,6,2026-06-29T01:53:28.739Z,False
75,6,FAC-F,combustion,76,64,30,60,organic,1084.6,68.1,138.6,6,2026-06-29T02:16:39.129Z,False
74,6,FAC-F,combustion,76,64,30,65,plastic,194.4,32.5,226.9,6,2026-06-29T02:26:50.949Z,False
77,1,FAC-A,anaerobic_digestion,71,75,8,92,organic,1698.6,67.4,418.3,6,2026-06-29T04:45:39.663Z,False
78,6,FAC-F,combustion,76,64,30,65,plastic,537.4,16.4,554.6,6,2026-06-29T12:27:31.504Z,False
80,6,FAC-F,combustion,76,64,30,65,plastic,145.9,24.0,151.6,6,2026-06-29T14:47:51.108Z,False
81,6,FAC-F,combustion,76,64,30,85,paper,130.7,24.0,90.2,6,2026-06-29T17:58:39.551Z,False
79,6,FAC-F,combustion,76,64,30,60,organic,887.1,75.0,98.8,6,2026-06-29T21:15:01.667Z,False
83,4,FAC-D,rdf_coprocessing,81,58,15,95,plastic,184.4,19.1,195.8,6,2026-06-30T10:25:18.347Z,False
82,2,FAC-B,anaerobic_digestion,89,42,10,98,organic,724.4,70.1,274.7,6,2026-06-30T14:38:45.764Z,False
84,3,FAC-C,anaerobic_digestion,67,89,6,80,organic,461.3,84.9,103.5,6,2026-06-30T16:08:44.724Z,False
85,4,FAC-D,rdf_coprocessing,81,58,15,95,plastic,94.3,33.9,71.2,7,2026-07-01T00:33:08.814Z,False
88,2,FAC-B,anaerobic_digestion,89,42,10,98,organic,740.9,83.9,296.0,7,2026-07-01T16:04:58.600Z,False
87,4,FAC-D,rdf_coprocessing,81,58,15,95,plastic,151.7,16.1,164.1,7,2026-07-01T16:58:32.781Z,False
89,6,FAC-F,combustion,76,64,30,65,plastic,236.1,32.9,242.3,7,2026-07-01T22:33:09.777Z,False
90,4,FAC-D,rdf_coprocessing,81,58,15,62,paper,132.4,32.9,0.0,7,2026-07-01T23:12:17.261Z,False
86,3,FAC-C,anaerobic_digestion,67,89,6,80,organic,4169.5,67.1,948.4,7,2026-07-02T00:50:27.088Z,False
93,6,FAC-F,combustion,76,64,30,85,paper,45.6,17.1,30.5,7,2026-07-02T14:41:25.738Z,False
91,1,FAC-A,anaerobic_digestion,71,75,8,92,organic,2062.5,68.1,577.8,7,2026-07-02T17:03:29.682Z,False
92,6,FAC-F,combustion,76,64,30,65,plastic,92.0,17.1,105.3,7,2026-07-02T20:49:58.770Z,False
94,6,FAC-F,combustion,76,64,30,60,organic,185.2,91.1,19.1,7,2026-07-03T00:50:10.213Z,False
95,4,FAC-D,rdf_coprocessing,81,58,15,95,plastic,42.3,40.1,25.9,7,2026-07-03T03:49:51.699Z,False
97,4,FAC-D,rdf_coprocessing,81,58,15,95,plastic,115.3,26.3,92.7,7,2026-07-03T09:33:45.289Z,False
98,3,FAC-C,anaerobic_digestion,67,89,6,80,organic,113.7,22.9,17.5,7,2026-07-03T10:02:38.149Z,False
99,4,FAC-D,rdf_coprocessing,81,58,15,95,plastic,222.3,5.0,223.8,7,2026-07-03T10:07:06.857Z,False
96,6,FAC-F,combustion,76,64,30,60,organic,360.3,77.3,43.3,7,2026-07-03T11:32:12.223Z,False
100,4,FAC-D,rdf_coprocessing,81,58,15,62,paper,148.9,5.0,0.0,7,2026-07-03T21:13:07.949Z,False
102,4,FAC-D,rdf_coprocessing,81,58,15,95,plastic,454.3,39.0,309.0,7,2026-07-04T17:17:36.462Z,False
101,2,FAC-B,anaerobic_digestion,89,42,10,98,organic,4422.8,90.0,1520.0,7,2026-07-05T00:57:21.162Z,False
107,4,FAC-D,rdf_coprocessing,81,58,15,62,paper,122.3,30.5,0.0,7,2026-07-05T11:02:53.579Z,False
106,4,FAC-D,rdf_coprocessing,81,58,15,95,plastic,140.1,30.5,112.3,7,2026-07-05T16:46:00.973Z,False
105,1,FAC-A,anaerobic_digestion,71,75,8,92,organic,615.0,81.5,170.9,7,2026-07-05T21:33:24.639Z,False
104,4,FAC-D,rdf_coprocessing,81,58,15,95,plastic,324.5,29.9,266.2,7,2026-07-05T22:40:28.679Z,False
103,1,FAC-A,anaerobic_digestion,71,75,8,92,organic,648.7,80.9,172.1,7,2026-07-06T00:07:40.509Z,False
110,4,FAC-D,rdf_coprocessing,81,58,15,62,paper,63.9,31.4,0.0,7,2026-07-06T12:00:26.808Z,False
109,4,FAC-D,rdf_coprocessing,81,58,15,95,plastic,89.0,31.4,65.4,7,2026-07-06T14:08:05.516Z,False
111,2,FAC-B,anaerobic_digestion,89,42,10,98,organic,3029.2,88.6,1014.8,7,2026-07-06T15:19:12.484Z,False
108,1,FAC-A,anaerobic_digestion,71,75,8,92,organic,233.4,82.4,54.2,7,2026-07-06T15:50:20.043Z,False
112,4,FAC-D,rdf_coprocessing,81,58,15,95,plastic,247.0,37.6,182.3,7,2026-07-07T01:10:11.032Z,False
113,2,FAC-B,anaerobic_digestion,89,42,10,98,organic,90.9,82.3,37.2,7,2026-07-07T05:12:15.879Z,False
114,4,FAC-D,rdf_coprocessing,81,58,15,95,plastic,41.4,31.3,31.5,7,2026-07-07T12:28:16.341Z,False
117,6,FAC-F,combustion,76,64,30,85,paper,519.2,27.6,311.1,7,2026-07-07T15:14:44.610Z,False
116,6,FAC-F,combustion,76,64,30,65,plastic,752.1,27.6,818.1,7,2026-07-07T17:51:22.222Z,False
115,1,FAC-A,anaerobic_digestion,71,75,8,92,organic,4163.0,78.6,1194.8,7,2026-07-07T21:07:43.303Z,False
119,6,FAC-F,combustion,76,64,30,65,plastic,181.8,26.7,192.9,7,2026-07-08T13:47:17.718Z,False
118,6,FAC-F,combustion,76,64,30,60,organic,964.2,77.7,108.3,7,2026-07-08T18:23:47.321Z,False
121,6,FAC-F,combustion,76,64,30,65,plastic,210.6,33.3,230.0,7,2026-07-08T19:15:42.207Z,False
120,1,FAC-A,anaerobic_digestion,71,75,8,92,organic,1310.3,84.3,385.8,7,2026-07-09T02:00:39.626Z,False
122,1,FAC-A,anaerobic_digestion,71,75,8,92,organic,2782.1,78.7,712.0,7,2026-07-09T06:31:53.139Z,False
124,2,FAC-B,anaerobic_digestion,89,42,10,98,organic,918.3,85.2,387.8,7,2026-07-09T12:35:48.470Z,False
126,6,FAC-F,combustion,76,64,30,85,paper,69.2,34.2,37.3,7,2026-07-09T13:00:58.865Z,False
125,4,FAC-D,rdf_coprocessing,81,58,15,95,plastic,86.6,34.2,73.9,7,2026-07-09T13:57:36.247Z,False
123,4,FAC-D,rdf_coprocessing,81,58,15,95,plastic,241.1,27.7,216.9,7,2026-07-09T17:22:15.204Z,False
127,2,FAC-B,anaerobic_digestion,89,42,10,98,organic,4969.9,89.1,1684.9,7,2026-07-10T12:06:03.113Z,False
130,6,FAC-F,combustion,76,64,30,65,plastic,1111.0,5.0,1169.9,7,2026-07-10T21:10:02.100Z,False
128,4,FAC-D,rdf_coprocessing,81,58,15,95,plastic,576.5,38.1,434.7,7,2026-07-10T21:48:49.092Z,False
131,4,FAC-D,rdf_coprocessing,81,58,15,62,paper,767.6,5.0,0.0,7,2026-07-10T23:51:39.545Z,False
129,2,FAC-B,anaerobic_digestion,89,42,10,98,organic,822.3,48.8,266.6,7,2026-07-11T00:58:46.329Z,False
132,2,FAC-B,anaerobic_digestion,89,42,10,98,organic,1997.0,86.6,783.0,7,2026-07-11T09:40:43.342Z,False
133,4,FAC-D,rdf_coprocessing,81,58,15,95,plastic,328.5,35.6,287.1,7,2026-07-11T17:44:35.848Z,False
134,6,FAC-F,combustion,76,64,30,85,paper,220.2,35.6,110.5,7,2026-07-11T18:39:55.166Z,False
138,6,FAC-F,combustion,76,64,30,65,plastic,189.4,23.6,217.5,7,2026-07-12T16:32:13.355Z,False
135,3,FAC-C,anaerobic_digestion,67,89,6,80,organic,2671.8,82.5,654.7,7,2026-07-12T20:03:46.632Z,False
136,4,FAC-D,rdf_coprocessing,81,58,15,95,plastic,249.6,31.5,183.1,7,2026-07-12T20:32:08.955Z,False
137,3,FAC-C,anaerobic_digestion,67,89,6,80,organic,541.1,74.6,134.6,7,2026-07-13T00:03:11.371Z,False
139,6,FAC-F,combustion,76,64,30,85,paper,130.3,23.6,84.9,7,2026-07-13T02:07:37.271Z,False
140,3,FAC-C,anaerobic_digestion,67,89,6,80,organic,887.9,78.3,240.8,7,2026-07-13T13:44:41.873Z,False
141,6,FAC-F,combustion,76,64,30,65,plastic,176.3,27.3,202.6,7,2026-07-13T21:30:33.695Z,False
142,3,FAC-C,anaerobic_digestion,67,89,6,80,organic,1492.1,90.0,280.0,7,2026-07-14T02:58:54.892Z,False
143,4,FAC-D,rdf_coprocessing,81,58,15,95,plastic,274.4,39.0,209.7,7,2026-07-14T03:13:30.788Z,False
148,6,FAC-F,combustion,76,64,30,65,plastic,101.7,27.9,110.3,7,2026-07-14T11:53:42.236Z,False
145,6,FAC-F,combustion,76,64,30,65,plastic,317.8,35.8,323.9,7,2026-07-14T15:46:47.876Z,False
144,1,FAC-A,anaerobic_digestion,71,75,8,92,organic,2728.0,86.8,766.3,7,2026-07-14T15:47:03.502Z,False
147,6,FAC-F,combustion,76,64,30,60,organic,311.5,78.9,33.6,7,2026-07-14T16:53:18.905Z,False
146,6,FAC-F,combustion,76,64,30,85,paper,220.5,35.8,121.7,7,2026-07-14T23:23:48.778Z,False
149,4,FAC-D,rdf_coprocessing,81,58,15,62,paper,93.5,27.9,0.0,7,2026-07-15T05:02:11.858Z,False
150,1,FAC-A,anaerobic_digestion,71,75,8,92,organic,1422.7,71.3,377.3,7,2026-07-15T11:35:19.648Z,False
154,6,FAC-F,combustion,76,64,30,85,paper,147.0,41.2,73.9,7,2026-07-15T15:54:07.430Z,False
152,6,FAC-F,combustion,76,64,30,60,organic,1719.5,92.0,168.2,7,2026-07-15T15:54:19.037Z,False
151,6,FAC-F,combustion,76,64,30,65,plastic,321.5,20.3,305.5,7,2026-07-15T17:28:39.314Z,False
153,4,FAC-D,rdf_coprocessing,81,58,15,95,plastic,147.1,41.2,109.0,7,2026-07-16T04:58:07.033Z,False
157,6,FAC-F,combustion,76,64,30,65,plastic,124.3,31.6,121.1,7,2026-07-16T19:29:40.775Z,False
158,4,FAC-D,rdf_coprocessing,81,58,15,62,paper,84.5,31.6,0.0,7,2026-07-16T20:38:00.198Z,False
156,3,FAC-C,anaerobic_digestion,67,89,6,80,organic,650.2,82.6,142.0,7,2026-07-16T21:02:24.439Z,False
155,2,FAC-B,anaerobic_digestion,89,42,10,98,organic,71.3,83.9,29.1,7,2026-07-16T21:23:33.738Z,False
163,4,FAC-D,rdf_coprocessing,81,58,15,95,plastic,266.1,32.2,208.4,7,2026-07-17T05:58:37.139Z,False
161,4,FAC-D,rdf_coprocessing,81,58,15,62,paper,159.7,20.3,0.0,7,2026-07-17T10:24:15.397Z,False
160,4,FAC-D,rdf_coprocessing,81,58,15,95,plastic,220.5,20.3,244.4,7,2026-07-17T20:26:22.434Z,False
162,2,FAC-B,anaerobic_digestion,89,42,10,98,organic,1541.3,83.2,631.0,7,2026-07-17T21:20:51.502Z,False
159,3,FAC-C,anaerobic_digestion,67,89,6,80,organic,2198.2,71.3,594.0,7,2026-07-17T23:39:01.791Z,False
165,4,FAC-D,rdf_coprocessing,81,58,15,95,plastic,195.3,5.0,225.6,7,2026-07-18T04:48:28.654Z,False
166,4,FAC-D,rdf_coprocessing,81,58,15,62,paper,155.6,5.0,0.0,7,2026-07-18T08:03:20.444Z,False
164,3,FAC-C,anaerobic_digestion,67,89,6,80,organic,60.8,33.4,10.0,7,2026-07-18T21:37:31.201Z,False
167,1,FAC-A,anaerobic_digestion,71,75,8,92,organic,1864.4,75.0,463.4,7,2026-07-19T09:30:27.244Z,False
169,2,FAC-B,anaerobic_digestion,89,42,10,98,organic,152.8,76.9,64.5,7,2026-07-19T20:49:57.250Z,False
168,4,FAC-D,rdf_coprocessing,81,58,15,95,plastic,451.6,24.0,481.3,7,2026-07-20T00:46:29.159Z,False
170,4,FAC-D,rdf_coprocessing,81,58,15,95,plastic,57.1,25.9,46.3,7,2026-07-20T03:13:15.086Z,False
173,6,FAC-F,combustion,76,64,30,85,paper,53.4,40.7,31.3,7,2026-07-20T08:50:52.637Z,False
172,4,FAC-D,rdf_coprocessing,81,58,15,95,plastic,96.7,40.7,66.1,7,2026-07-20T17:32:37.758Z,False
175,4,FAC-D,rdf_coprocessing,81,58,15,95,plastic,175.3,29.6,164.2,7,2026-07-20T21:58:36.121Z,False
174,2,FAC-B,anaerobic_digestion,89,42,10,98,organic,516.3,80.6,213.6,7,2026-07-20T23:57:45.516Z,False
176,6,FAC-F,combustion,76,64,30,85,paper,117.4,29.6,76.3,7,2026-07-21T00:48:14.224Z,False
171,3,FAC-C,anaerobic_digestion,67,89,6,80,organic,375.8,91.7,80.5,7,2026-07-21T02:26:45.141Z,False
178,4,FAC-D,rdf_coprocessing,81,58,15,95,plastic,416.6,5.0,430.3,7,2026-07-21T05:46:22.201Z,False
179,1,FAC-A,anaerobic_digestion,71,75,8,92,organic,630.1,79.0,182.8,7,2026-07-21T10:45:56.594Z,False
181,6,FAC-F,combustion,76,64,30,85,paper,142.4,28.0,98.6,7,2026-07-21T15:30:13.032Z,False
177,1,FAC-A,anaerobic_digestion,71,75,8,92,organic,112.4,35.2,18.9,7,2026-07-21T19:40:22.682Z,False
180,6,FAC-F,combustion,76,64,30,65,plastic,211.4,28.0,205.6,7,2026-07-22T05:52:06.647Z,False
182,2,FAC-B,anaerobic_digestion,89,42,10,98,organic,279.9,84.7,110.6,7,2026-07-22T08:47:17.471Z,False
186,6,FAC-F,combustion,76,64,30,65,plastic,289.3,37.5,258.8,7,2026-07-22T12:16:22.054Z,False
187,4,FAC-D,rdf_coprocessing,81,58,15,62,paper,182.0,37.5,0.0,7,2026-07-22T15:33:57.634Z,False
185,6,FAC-F,combustion,76,64,30,60,organic,2084.1,88.5,217.8,7,2026-07-22T16:10:09.224Z,False
183,4,FAC-D,rdf_coprocessing,81,58,15,95,plastic,43.8,33.7,36.2,7,2026-07-22T20:48:35.252Z,False
184,4,FAC-D,rdf_coprocessing,81,58,15,62,paper,41.5,33.7,0.0,7,2026-07-22T22:15:04.878Z,False
192,6,FAC-F,combustion,76,64,30,85,paper,548.9,24.4,338.0,7,2026-07-23T06:46:50.048Z,False
189,4,FAC-D,rdf_coprocessing,81,58,15,95,plastic,248.1,32.9,200.8,7,2026-07-23T08:40:20.227Z,False
190,3,FAC-C,anaerobic_digestion,67,89,6,80,organic,4047.2,75.4,978.7,7,2026-07-23T12:01:29.465Z,False
191,4,FAC-D,rdf_coprocessing,81,58,15,95,plastic,705.4,24.4,671.2,7,2026-07-23T12:21:20.792Z,False
188,3,FAC-C,anaerobic_digestion,67,89,6,80,organic,1290.7,83.9,304.7,7,2026-07-23T18:22:26.319Z,False
194,6,FAC-F,combustion,76,64,30,65,plastic,44.2,32.4,46.9,7,2026-07-24T04:46:50.771Z,False
196,2,FAC-B,anaerobic_digestion,89,42,10,98,organic,1863.7,77.5,820.9,7,2026-07-24T11:14:26.913Z,False
195,6,FAC-F,combustion,76,64,30,85,paper,25.2,32.4,14.6,7,2026-07-24T20:07:48.732Z,False
193,3,FAC-C,anaerobic_digestion,67,89,6,80,organic,210.6,83.4,53.3,7,2026-07-24T21:46:50.145Z,False
197,6,FAC-F,combustion,76,64,30,65,plastic,457.3,26.5,531.0,7,2026-07-24T22:08:03.275Z,False
201,4,FAC-D,rdf_coprocessing,81,58,15,95,plastic,121.4,24.5,111.4,7,2026-07-25T13:46:24.145Z,False
198,6,FAC-F,combustion,76,64,30,60,organic,1234.1,92.0,123.1,7,2026-07-25T14:23:17.108Z,False
199,4,FAC-D,rdf_coprocessing,81,58,15,95,plastic,127.2,45.0,86.6,7,2026-07-25T14:26:54.073Z,False
200,1,FAC-A,anaerobic_digestion,71,75,8,92,organic,311.0,75.5,84.9,7,2026-07-26T04:14:26.299Z,False
203,6,FAC-F,combustion,76,64,30,65,plastic,172.1,29.4,158.5,7,2026-07-26T11:58:19.578Z,False
204,6,FAC-F,combustion,76,64,30,85,paper,130.3,29.4,88.4,7,2026-07-26T12:07:54.467Z,False
202,6,FAC-F,combustion,76,64,30,60,organic,848.4,80.4,90.4,7,2026-07-26T13:45:26.595Z,False
207,4,FAC-D,rdf_coprocessing,81,58,15,62,paper,188.3,19.9,0.0,7,2026-07-27T07:18:55.332Z,False
208,3,FAC-C,anaerobic_digestion,67,89,6,80,organic,1516.3,90.5,267.5,7,2026-07-27T13:24:52.606Z,False
209,6,FAC-F,combustion,76,64,30,65,plastic,212.0,39.5,214.3,7,2026-07-27T17:23:42.782Z,False
206,4,FAC-D,rdf_coprocessing,81,58,15,95,plastic,291.5,19.9,262.5,7,2026-07-27T19:17:02.165Z,False
205,3,FAC-C,anaerobic_digestion,67,89,6,80,organic,2050.0,70.9,535.4,7,2026-07-27T19:44:34.200Z,False
210,4,FAC-D,rdf_coprocessing,81,58,15,62,paper,108.3,39.5,0.0,7,2026-07-27T19:58:42.130Z,False
212,4,FAC-D,rdf_coprocessing,81,58,15,95,plastic,126.2,28.2,100.6,7,2026-07-28T13:22:48.742Z,False
214,4,FAC-D,rdf_coprocessing,81,58,15,95,plastic,322.8,21.8,289.7,7,2026-07-28T17:31:48.806Z,False
213,2,FAC-B,anaerobic_digestion,89,42,10,98,organic,1614.1,72.8,657.7,7,2026-07-28T21:31:20.992Z,False
211,3,FAC-C,anaerobic_digestion,67,89,6,80,organic,470.6,79.2,103.4,7,2026-07-28T23:06:06.070Z,False
217,4,FAC-D,rdf_coprocessing,81,58,15,62,paper,78.4,41.8,0.0,7,2026-07-29T09:04:25.467Z,False
219,6,FAC-F,combustion,76,64,30,65,plastic,161.0,34.4,153.8,7,2026-07-29T10:51:40.166Z,False
216,6,FAC-F,combustion,76,64,30,65,plastic,108.9,41.8,103.2,7,2026-07-29T12:54:21.621Z,False
215,6,FAC-F,combustion,76,64,30,60,organic,1106.9,92.0,117.7,7,2026-07-29T13:02:15.668Z,False
218,2,FAC-B,anaerobic_digestion,89,42,10,98,organic,826.1,85.4,302.8,7,2026-07-29T21:30:33.632Z,False
222,2,FAC-B,anaerobic_digestion,89,42,10,98,organic,5373.7,84.0,1917.7,7,2026-07-30T14:57:03.534Z,False
224,4,FAC-D,rdf_coprocessing,81,58,15,62,paper,526.4,33.0,0.0,7,2026-07-30T17:45:35.261Z,False
220,1,FAC-A,anaerobic_digestion,71,75,8,92,organic,113.2,28.7,19.0,7,2026-07-30T21:11:15.610Z,False
221,6,FAC-F,combustion,76,64,30,65,plastic,310.3,5.0,301.3,7,2026-07-30T22:33:12.647Z,False
223,6,FAC-F,combustion,76,64,30,65,plastic,880.4,33.0,784.4,7,2026-07-31T04:53:09.239Z,False
225,6,FAC-F,combustion,76,64,30,60,organic,1752.8,92.0,181.7,7,2026-07-31T09:04:48.424Z,False
227,6,FAC-F,combustion,76,64,30,85,paper,195.7,41.4,118.8,7,2026-07-31T15:02:38.220Z,False
226,6,FAC-F,combustion,76,64,30,65,plastic,311.8,41.4,339.4,7,2026-07-31T17:42:10.402Z,False
228,6,FAC-F,combustion,76,64,30,60,organic,1624.7,69.7,225.0,8,2026-07-31T21:02:13.340Z,False
230,6,FAC-F,combustion,76,64,30,85,paper,41.0,18.7,25.5,8,2026-07-31T22:51:47.584Z,False
229,4,FAC-D,rdf_coprocessing,81,58,15,95,plastic,72.5,18.7,70.3,8,2026-08-01T03:24:40.898Z,False
234,6,FAC-F,combustion,76,64,30,65,plastic,156.6,25.1,162.4,8,2026-08-01T03:35:10.732Z,False
232,6,FAC-F,combustion,76,64,30,65,plastic,96.9,36.5,95.5,8,2026-08-01T13:27:45.021Z,False
233,3,FAC-C,anaerobic_digestion,67,89,6,80,organic,526.5,76.1,135.0,8,2026-08-01T13:39:41.141Z,False
231,6,FAC-F,combustion,76,64,30,60,organic,516.9,87.5,51.4,8,2026-08-01T18:06:48.931Z,False
237,4,FAC-D,rdf_coprocessing,81,58,15,62,paper,102.3,26.8,0.0,8,2026-08-02T16:44:59.887Z,False
236,4,FAC-D,rdf_coprocessing,81,58,15,95,plastic,161.8,26.8,151.6,8,2026-08-03T06:05:33.793Z,False
235,6,FAC-F,combustion,76,64,30,60,organic,688.0,77.8,70.0,8,2026-08-03T06:43:46.265Z,False
239,6,FAC-F,combustion,76,64,30,65,plastic,305.7,11.2,294.0,8,2026-08-03T12:10:51.040Z,False
241,4,FAC-D,rdf_coprocessing,81,58,15,95,plastic,799.6,21.1,795.0,8,2026-08-03T20:46:03.804Z,False
240,6,FAC-F,combustion,76,64,30,60,organic,2090.5,72.1,260.9,8,2026-08-03T22:46:16.624Z,False
238,2,FAC-B,anaerobic_digestion,89,42,10,98,organic,940.7,62.2,358.3,8,2026-08-04T02:51:38.157Z,False
244,2,FAC-B,anaerobic_digestion,89,42,10,98,organic,413.2,87.3,157.1,8,2026-08-04T16:12:46.825Z,False
243,6,FAC-F,combustion,76,64,30,65,plastic,86.2,26.9,96.0,8,2026-08-04T16:28:22.130Z,False
245,4,FAC-D,rdf_coprocessing,81,58,15,95,plastic,69.0,36.3,53.9,8,2026-08-04T18:28:12.115Z,False
246,6,FAC-F,combustion,76,64,30,85,paper,66.3,36.3,37.4,8,2026-08-04T22:10:06.130Z,False
242,1,FAC-A,anaerobic_digestion,71,75,8,92,organic,348.9,77.9,102.2,8,2026-08-04T22:13:42.546Z,False
247,1,FAC-A,anaerobic_digestion,71,75,8,92,organic,421.3,79.4,128.0,8,2026-08-05T15:04:38.040Z,False
251,4,FAC-D,rdf_coprocessing,81,58,15,95,plastic,358.9,31.5,211.8,8,2026-08-05T16:18:23.998Z,False
250,2,FAC-B,anaerobic_digestion,89,42,10,98,organic,1162.2,82.5,468.1,8,2026-08-05T17:22:12.747Z,False
248,4,FAC-D,rdf_coprocessing,81,58,15,95,plastic,130.1,28.4,112.5,8,2026-08-05T20:05:20.149Z,False
249,6,FAC-F,combustion,76,64,30,85,paper,121.5,28.4,71.4,8,2026-08-06T02:23:55.002Z,False
253,6,FAC-F,combustion,76,64,30,65,plastic,118.8,28.4,121.9,8,2026-08-06T09:00:13.319Z,False
254,6,FAC-F,combustion,76,64,30,60,organic,2471.5,75.5,298.4,8,2026-08-06T18:51:50.338Z,False
252,1,FAC-A,anaerobic_digestion,71,75,8,92,organic,624.7,79.4,179.4,8,2026-08-06T20:53:02.144Z,False
256,4,FAC-D,rdf_coprocessing,81,58,15,62,paper,142.6,24.5,0.0,8,2026-08-07T01:03:08.601Z,False
255,4,FAC-D,rdf_coprocessing,81,58,15,95,plastic,226.3,24.5,178.0,8,2026-08-07T03:54:13.350Z,False
260,2,FAC-B,anaerobic_digestion,89,42,10,98,organic,414.4,85.1,155.0,8,2026-08-07T07:12:57.064Z,False
262,4,FAC-D,rdf_coprocessing,81,58,15,62,paper,61.8,34.1,0.0,8,2026-08-07T12:03:37.794Z,False
261,6,FAC-F,combustion,76,64,30,65,plastic,90.6,34.1,95.7,8,2026-08-07T12:49:08.452Z,False
259,4,FAC-D,rdf_coprocessing,81,58,15,62,paper,125.8,47.0,0.0,8,2026-08-07T13:18:57.919Z,False
258,6,FAC-F,combustion,76,64,30,65,plastic,156.2,47.0,121.1,8,2026-08-07T16:23:26.672Z,False
257,2,FAC-B,anaerobic_digestion,89,42,10,98,organic,1342.8,92.0,474.9,8,2026-08-07T17:47:34.549Z,False
265,3,FAC-C,anaerobic_digestion,67,89,6,80,organic,102.8,30.0,16.3,8,2026-08-08T08:38:59.757Z,False
263,6,FAC-F,combustion,76,64,30,60,organic,239.3,76.9,27.7,8,2026-08-08T09:56:36.075Z,False
264,4,FAC-D,rdf_coprocessing,81,58,15,95,plastic,107.9,25.9,90.8,8,2026-08-08T12:31:57.711Z,False
266,6,FAC-F,combustion,76,64,30,65,plastic,273.9,5.0,318.6,8,2026-08-08T15:46:40.400Z,False
267,4,FAC-D,rdf_coprocessing,81,58,15,62,paper,215.3,5.0,0.0,8,2026-08-08T18:29:48.344Z,False
268,6,FAC-F,combustion,76,64,30,60,organic,939.3,78.2,102.3,8,2026-08-09T22:23:44.237Z,False
269,4,FAC-D,rdf_coprocessing,81,58,15,95,plastic,463.8,27.2,454.1,8,2026-08-10T01:24:52.144Z,False
271,4,FAC-D,rdf_coprocessing,81,58,15,95,plastic,78.8,35.6,68.6,8,2026-08-10T06:36:18.014Z,False
273,6,FAC-F,combustion,76,64,30,65,plastic,734.5,32.9,837.3,8,2026-08-10T13:25:09.120Z,False
270,6,FAC-F,combustion,76,64,30,60,organic,867.9,86.6,89.3,8,2026-08-10T18:16:34.012Z,False
272,1,FAC-A,anaerobic_digestion,71,75,8,92,organic,4832.3,83.9,1165.2,8,2026-08-11T03:30:30.071Z,False
275,6,FAC-F,combustion,76,64,30,65,plastic,141.5,14.7,149.3,8,2026-08-11T04:52:12.598Z,False
274,6,FAC-F,combustion,76,64,30,60,organic,1082.0,65.7,135.9,8,2026-08-11T08:18:51.241Z,False
276,2,FAC-B,anaerobic_digestion,89,42,10,98,organic,1744.8,67.1,709.4,8,2026-08-11T11:50:20.637Z,False
277,6,FAC-F,combustion,76,64,30,65,plastic,396.0,16.1,415.9,8,2026-08-11T12:29:52.307Z,False
279,4,FAC-D,rdf_coprocessing,81,58,15,95,plastic,204.9,27.5,177.8,8,2026-08-12T08:46:10.413Z,False
281,6,FAC-F,combustion,76,64,30,65,plastic,813.1,5.0,858.7,8,2026-08-12T17:44:04.172Z,False
280,1,FAC-A,anaerobic_digestion,71,75,8,92,organic,1115.3,55.3,270.2,8,2026-08-12T18:20:28.050Z,False
282,4,FAC-D,rdf_coprocessing,81,58,15,62,paper,500.2,5.0,0.0,8,2026-08-12T19:44:23.453Z,False
278,1,FAC-A,anaerobic_digestion,71,75,8,92,organic,729.3,78.5,210.2,8,2026-08-12T22:51:30.533Z,False
286,2,FAC-B,anaerobic_digestion,89,42,10,98,organic,1453.5,57.9,540.1,8,2026-08-13T10:15:28.929Z,False
285,6,FAC-F,combustion,76,64,30,85,paper,204.1,35.3,109.3,8,2026-08-13T13:35:46.122Z,False
288,4,FAC-D,rdf_coprocessing,81,58,15,62,paper,430.5,6.9,0.0,8,2026-08-13T14:31:35.675Z,False
287,4,FAC-D,rdf_coprocessing,81,58,15,95,plastic,749.8,6.9,820.0,8,2026-08-13T21:35:08.649Z,False
283,2,FAC-B,anaerobic_digestion,89,42,10,98,organic,1483.8,86.3,545.8,8,2026-08-14T00:01:57.685Z,False
284,4,FAC-D,rdf_coprocessing,81,58,15,95,plastic,292.1,35.3,223.4,8,2026-08-14T00:36:01.375Z,False
290,4,FAC-D,rdf_coprocessing,81,58,15,95,plastic,125.7,24.3,108.1,8,2026-08-14T12:27:06.334Z,False
292,4,FAC-D,rdf_coprocessing,81,58,15,95,plastic,194.7,5.0,181.4,8,2026-08-14T12:29:18.814Z,False
291,3,FAC-C,anaerobic_digestion,67,89,6,80,organic,59.3,25.4,8.0,8,2026-08-14T14:13:09.780Z,False
289,6,FAC-F,combustion,76,64,30,60,organic,394.3,75.3,45.4,8,2026-08-14T23:05:12.270Z,False
296,4,FAC-D,rdf_coprocessing,81,58,15,95,plastic,145.8,25.5,129.8,8,2026-08-15T07:35:31.925Z,False
295,6,FAC-F,combustion,76,64,30,60,organic,447.7,76.5,46.9,8,2026-08-15T15:47:50.785Z,False
294,6,FAC-F,combustion,76,64,30,65,plastic,67.8,34.0,70.3,8,2026-08-16T00:50:33.680Z,False
293,3,FAC-C,anaerobic_digestion,67,89,6,80,organic,374.8,85.0,80.4,8,2026-08-16T03:17:49.841Z,False
297,2,FAC-B,anaerobic_digestion,89,42,10,98,organic,72.3,91.7,27.0,8,2026-08-16T05:01:08.920Z,False
298,3,FAC-C,anaerobic_digestion,67,89,6,80,organic,2312.0,75.3,557.6,8,2026-08-16T14:35:26.047Z,False
299,6,FAC-F,combustion,76,64,30,65,plastic,411.0,24.3,379.3,8,2026-08-16T20:48:11.375Z,False
300,2,FAC-B,anaerobic_digestion,89,42,10,98,organic,320.3,82.1,132.7,8,2026-08-17T06:08:10.426Z,False
301,6,FAC-F,combustion,76,64,30,65,plastic,81.8,31.1,84.8,8,2026-08-17T08:01:03.148Z,False
303,6,FAC-F,combustion,76,64,30,65,plastic,65.3,20.0,70.4,8,2026-08-18T11:15:10.789Z,False
302,2,FAC-B,anaerobic_digestion,89,42,10,98,organic,233.1,71.0,97.4,8,2026-08-18T13:20:31.002Z,False
305,1,FAC-A,anaerobic_digestion,71,75,8,92,organic,1866.1,65.1,479.4,8,2026-08-18T16:25:49.597Z,False
304,6,FAC-F,combustion,76,64,30,85,paper,53.3,20.0,31.3,8,2026-08-19T00:31:53.533Z,False
306,6,FAC-F,combustion,76,64,30,65,plastic,557.4,14.1,575.6,8,2026-08-19T03:42:42.138Z,False
308,4,FAC-D,rdf_coprocessing,81,58,15,95,plastic,466.0,21.7,402.6,8,2026-08-19T04:19:53.125Z,False
309,2,FAC-B,anaerobic_digestion,89,42,10,98,organic,931.3,80.5,364.0,8,2026-08-19T20:45:11.663Z,False
307,3,FAC-C,anaerobic_digestion,67,89,6,80,organic,1480.6,72.7,370.9,8,2026-08-19T22:03:52.904Z,False
310,6,FAC-F,combustion,76,64,30,65,plastic,129.0,29.5,138.7,8,2026-08-20T01:51:23.783Z,False
315,6,FAC-F,combustion,76,64,30,85,paper,456.2,36.3,285.7,8,2026-08-20T17:15:20.506Z,False
311,2,FAC-B,anaerobic_digestion,89,42,10,98,organic,283.1,76.8,107.6,8,2026-08-20T21:43:53.988Z,False
312,6,FAC-F,combustion,76,64,30,65,plastic,125.3,25.8,128.7,8,2026-08-20T23:28:47.093Z,False
314,4,FAC-D,rdf_coprocessing,81,58,15,95,plastic,614.7,36.3,449.8,8,2026-08-21T00:57:11.332Z,False
313,1,FAC-A,anaerobic_digestion,71,75,8,92,organic,3129.0,87.3,762.9,8,2026-08-21T07:22:03.539Z,False
316,1,FAC-A,anaerobic_digestion,71,75,8,92,organic,425.8,82.0,115.5,8,2026-08-21T10:00:31.573Z,False
320,6,FAC-F,combustion,76,64,30,65,plastic,63.6,21.9,76.1,8,2026-08-21T15:16:47.787Z,False
317,4,FAC-D,rdf_coprocessing,81,58,15,95,plastic,157.6,31.0,126.8,8,2026-08-21T16:11:39.919Z,False
319,3,FAC-C,anaerobic_digestion,67,89,6,80,organic,1331.7,72.9,290.9,8,2026-08-21T20:10:26.111Z,False
318,6,FAC-F,combustion,76,64,30,85,paper,83.1,31.0,51.1,8,2026-08-21T20:46:32.703Z,False
323,4,FAC-D,rdf_coprocessing,81,58,15,62,paper,131.7,5.0,0.0,8,2026-08-22T11:11:15.449Z,False
325,6,FAC-F,combustion,76,64,30,65,plastic,139.5,32.4,151.9,8,2026-08-22T14:15:02.169Z,False
324,3,FAC-C,anaerobic_digestion,67,89,6,80,organic,838.6,83.4,179.2,8,2026-08-22T17:30:11.836Z,False
322,4,FAC-D,rdf_coprocessing,81,58,15,95,plastic,188.1,5.0,187.2,8,2026-08-23T01:42:45.573Z,False
321,6,FAC-F,combustion,76,64,30,60,organic,69.7,30.5,16.8,8,2026-08-23T03:52:29.442Z,False
328,4,FAC-D,rdf_coprocessing,81,58,15,62,paper,97.3,26.4,0.0,8,2026-08-23T13:06:05.731Z,False
329,3,FAC-C,anaerobic_digestion,67,89,6,80,organic,1075.8,92.0,223.2,8,2026-08-23T21:09:25.260Z,False
327,6,FAC-F,combustion,76,64,30,65,plastic,122.8,26.4,135.2,8,2026-08-24T00:25:11.903Z,False
326,1,FAC-A,anaerobic_digestion,71,75,8,92,organic,325.3,77.4,95.7,8,2026-08-24T02:42:24.027Z,False
330,4,FAC-D,rdf_coprocessing,81,58,15,95,plastic,131.9,43.3,91.2,8,2026-08-24T06:44:26.467Z,False
332,4,FAC-D,rdf_coprocessing,81,58,15,95,plastic,735.2,5.0,802.4,8,2026-08-24T09:43:59.844Z,False
331,6,FAC-F,combustion,76,64,30,60,organic,464.6,53.3,76.7,8,2026-08-24T23:29:49.323Z,False
336,4,FAC-D,rdf_coprocessing,81,58,15,95,plastic,363.9,23.8,354.9,8,2026-08-25T15:42:44.415Z,False
335,3,FAC-C,anaerobic_digestion,67,89,6,80,organic,1998.6,74.8,483.2,8,2026-08-25T17:41:30.041Z,False
334,6,FAC-F,combustion,76,64,30,65,plastic,137.7,34.4,126.6,8,2026-08-26T02:52:43.150Z,False
333,2,FAC-B,anaerobic_digestion,89,42,10,98,organic,1453.9,85.4,561.6,8,2026-08-26T05:44:45.690Z,False
341,4,FAC-D,rdf_coprocessing,81,58,15,62,paper,162.9,31.3,0.0,8,2026-08-26T13:15:50.451Z,False
337,2,FAC-B,anaerobic_digestion,89,42,10,98,organic,2691.4,67.1,1058.5,8,2026-08-26T16:41:15.681Z,False
338,6,FAC-F,combustion,76,64,30,65,plastic,515.2,16.1,597.2,8,2026-08-26T17:06:09.147Z,False
340,4,FAC-D,rdf_coprocessing,81,58,15,95,plastic,219.0,31.3,166.7,8,2026-08-26T19:21:00.318Z,False
339,6,FAC-F,combustion,76,64,30,60,organic,827.7,82.3,83.8,8,2026-08-26T20:41:53.861Z,False
346,4,FAC-D,rdf_coprocessing,81,58,15,95,plastic,216.1,5.0,238.5,8,2026-08-27T07:45:14.868Z,False
343,4,FAC-D,rdf_coprocessing,81,58,15,95,plastic,205.6,35.7,181.8,8,2026-08-27T09:05:17.492Z,False
347,6,FAC-F,combustion,76,64,30,85,paper,116.8,5.0,75.3,8,2026-08-27T12:15:00.775Z,False
345,3,FAC-C,anaerobic_digestion,67,89,6,80,organic,59.9,38.3,11.0,8,2026-08-27T12:21:38.975Z,False
344,4,FAC-D,rdf_coprocessing,81,58,15,62,paper,139.1,35.7,0.0,8,2026-08-27T18:09:02.222Z,False
342,6,FAC-F,combustion,76,64,30,60,organic,784.0,86.7,88.5,8,2026-08-27T22:14:03.638Z,False
349,6,FAC-F,combustion,76,64,30,65,plastic,1032.8,14.8,1060.3,8,2026-08-28T15:16:56.933Z,False
348,6,FAC-F,combustion,76,64,30,60,organic,2955.0,65.8,420.8,8,2026-08-28T15:53:01.353Z,False
351,6,FAC-F,combustion,76,64,30,65,plastic,139.7,29.9,148.7,8,2026-08-28T17:18:10.972Z,False
350,6,FAC-F,combustion,76,64,30,60,organic,471.8,80.9,41.2,8,2026-08-29T00:55:44.785Z,False
352,2,FAC-B,anaerobic_digestion,89,42,10,98,organic,316.0,83.2,116.9,8,2026-08-29T09:53:34.813Z,False
356,6,FAC-F,combustion,76,64,30,65,plastic,324.4,29.8,377.6,8,2026-08-29T11:40:21.770Z,False
353,6,FAC-F,combustion,76,64,30,65,plastic,73.5,32.2,79.8,8,2026-08-29T16:27:38.845Z,False
354,4,FAC-D,rdf_coprocessing,81,58,15,62,paper,30.4,32.2,0.0,8,2026-08-29T19:32:38.886Z,False
355,6,FAC-F,combustion,76,64,30,60,organic,3464.8,80.8,327.7,8,2026-08-29T23:07:54.732Z,False
360,4,FAC-D,rdf_coprocessing,81,58,15,95,plastic,162.4,41.5,106.9,8,2026-08-30T06:15:02.743Z,False
358,6,FAC-F,combustion,76,64,30,65,plastic,246.9,5.0,264.4,8,2026-08-30T14:14:05.371Z,False
359,3,FAC-C,anaerobic_digestion,67,89,6,80,organic,1941.8,92.0,408.3,8,2026-08-30T19:34:45.819Z,False
357,6,FAC-F,combustion,76,64,30,60,organic,71.1,32.4,16.0,8,2026-08-31T02:15:43.489Z,False
363,1,FAC-A,anaerobic_digestion,71,75,8,92,organic,1263.6,84.7,302.3,8,2026-08-31T14:33:34.510Z,False
364,6,FAC-F,combustion,76,64,30,65,plastic,392.6,33.7,391.1,9,2026-08-31T22:12:13.457Z,False
362,4,FAC-D,rdf_coprocessing,81,58,15,95,plastic,55.8,30.3,49.1,9,2026-09-01T01:45:28.609Z,False
361,6,FAC-F,combustion,76,64,30,60,organic,173.8,81.3,18.2,9,2026-09-01T02:00:15.086Z,False
366,6,FAC-F,combustion,76,64,30,65,plastic,539.6,5.6,586.5,9,2026-09-01T12:29:06.155Z,False
365,1,FAC-A,anaerobic_digestion,71,75,8,92,organic,760.2,56.6,200.1,9,2026-09-01T13:01:45.144Z,False
367,6,FAC-F,combustion,76,64,30,60,organic,1241.8,90.7,130.8,9,2026-09-02T12:56:48.562Z,False
369,6,FAC-F,combustion,76,64,30,60,organic,987.7,64.4,147.9,9,2026-09-02T16:33:26.813Z,False
370,6,FAC-F,combustion,76,64,30,65,plastic,461.7,13.4,516.2,9,2026-09-02T20:28:36.957Z,False
371,4,FAC-D,rdf_coprocessing,81,58,15,62,paper,247.2,13.4,0.0,9,2026-09-02T22:40:12.404Z,False
368,6,FAC-F,combustion,76,64,30,65,plastic,282.5,39.7,257.1,9,2026-09-03T00:14:46.723Z,False
375,6,FAC-F,combustion,76,64,30,60,organic,1499.1,88.4,157.3,9,2026-09-03T06:28:58.544Z,False
373,6,FAC-F,combustion,76,64,30,65,plastic,127.2,42.6,127.2,9,2026-09-03T11:16:19.142Z,False
374,6,FAC-F,combustion,76,64,30,85,paper,86.1,42.6,40.7,9,2026-09-03T11:24:07.386Z,False
372,1,FAC-A,anaerobic_digestion,71,75,8,92,organic,1405.7,92.0,333.0,9,2026-09-03T18:56:25.326Z,False
376,6,FAC-F,combustion,76,64,30,65,plastic,136.4,37.4,127.9,9,2026-09-04T00:42:16.634Z,False
377,6,FAC-F,combustion,76,64,30,60,organic,1251.0,92.0,129.4,9,2026-09-04T06:59:19.788Z,False
378,4,FAC-D,rdf_coprocessing,81,58,15,95,plastic,179.3,41.3,131.9,9,2026-09-04T13:12:10.122Z,False
380,1,FAC-A,anaerobic_digestion,71,75,8,92,organic,996.2,61.4,264.3,9,2026-09-04T14:42:17.531Z,False
379,4,FAC-D,rdf_coprocessing,81,58,15,62,paper,99.7,41.3,0.0,9,2026-09-04T18:28:35.376Z,False
381,4,FAC-D,rdf_coprocessing,81,58,15,95,plastic,323.5,10.4,351.7,9,2026-09-04T21:04:48.771Z,False
382,4,FAC-D,rdf_coprocessing,81,58,15,62,paper,223.8,10.4,0.0,9,2026-09-05T01:29:19.443Z,False
387,4,FAC-D,rdf_coprocessing,81,58,15,62,paper,207.8,28.5,0.0,9,2026-09-05T12:40:02.334Z,False
385,6,FAC-F,combustion,76,64,30,60,organic,1913.2,79.5,195.2,9,2026-09-05T16:15:24.251Z,False
383,1,FAC-A,anaerobic_digestion,71,75,8,92,organic,309.2,86.4,79.5,9,2026-09-05T16:22:03.412Z,False
384,6,FAC-F,combustion,76,64,30,65,plastic,48.1,35.4,49.9,9,2026-09-05T22:33:54.511Z,False
386,6,FAC-F,combustion,76,64,30,65,plastic,306.4,28.5,344.9,9,2026-09-05T23:26:23.233Z,False
388,6,FAC-F,combustion,76,64,30,60,organic,1451.2,81.5,171.5,9,2026-09-06T19:17:38.812Z,False
390,6,FAC-F,combustion,76,64,30,85,paper,115.4,30.5,71.9,9,2026-09-06T20:56:20.993Z,False
391,6,FAC-F,combustion,76,64,30,60,organic,1525.7,62.6,207.6,9,2026-09-06T21:51:11.937Z,False
392,4,FAC-D,rdf_coprocessing,81,58,15,95,plastic,429.1,11.6,464.2,9,2026-09-06T23:52:57.399Z,False
389,4,FAC-D,rdf_coprocessing,81,58,15,95,plastic,172.1,30.5,132.5,9,2026-09-07T05:35:23.461Z,False
395,2,FAC-B,anaerobic_digestion,89,42,10,98,organic,2362.9,70.8,1009.7,9,2026-09-07T07:50:56.605Z,False
394,6,FAC-F,combustion,76,64,30,65,plastic,356.5,35.9,354.5,9,2026-09-07T18:50:21.616Z,False
397,6,FAC-F,combustion,76,64,30,85,paper,381.1,19.8,231.0,9,2026-09-07T21:03:35.087Z,False
396,4,FAC-D,rdf_coprocessing,81,58,15,95,plastic,693.9,19.8,740.1,9,2026-09-07T22:16:56.558Z,False
393,1,FAC-A,anaerobic_digestion,71,75,8,92,organic,1664.6,86.9,462.7,9,2026-09-08T03:50:56.311Z,False
399,4,FAC-D,rdf_coprocessing,81,58,15,95,plastic,124.6,16.0,121.7,9,2026-09-08T18:15:07.990Z,False
398,6,FAC-F,combustion,76,64,30,60,organic,3234.7,67.0,452.6,9,2026-09-09T01:19:55.243Z,False
405,4,FAC-D,rdf_coprocessing,81,58,15,62,paper,271.6,5.0,0.0,9,2026-09-09T12:50:45.552Z,False
403,3,FAC-C,anaerobic_digestion,67,89,6,80,organic,1180.7,55.6,279.9,9,2026-09-09T13:11:49.013Z,False
404,4,FAC-D,rdf_coprocessing,81,58,15,95,plastic,407.4,5.0,470.9,9,2026-09-09T15:45:29.907Z,False
401,6,FAC-F,combustion,76,64,30,65,plastic,364.0,30.4,348.4,9,2026-09-09T21:27:04.624Z,False
402,4,FAC-D,rdf_coprocessing,81,58,15,62,paper,255.0,30.4,0.0,9,2026-09-10T04:20:46.735Z,False
400,6,FAC-F,combustion,76,64,30,60,organic,1903.8,81.4,176.4,9,2026-09-10T04:40:14.199Z,False
408,2,FAC-B,anaerobic_digestion,89,42,10,98,organic,1777.6,92.0,672.6,9,2026-09-10T07:14:01.920Z,False
409,6,FAC-F,combustion,76,64,30,65,plastic,199.2,46.5,184.0,9,2026-09-10T18:58:21.271Z,False
406,2,FAC-B,anaerobic_digestion,89,42,10,98,organic,1608.3,85.2,595.2,9,2026-09-11T01:55:18.736Z,False
407,6,FAC-F,combustion,76,64,30,65,plastic,443.5,34.2,505.3,9,2026-09-11T05:33:36.676Z,False
413,4,FAC-D,rdf_coprocessing,81,58,15,95,plastic,172.8,25.0,147.6,9,2026-09-11T12:44:56.682Z,False
410,3,FAC-C,anaerobic_digestion,67,89,6,80,organic,2473.5,74.4,558.0,9,2026-09-11T18:28:27.092Z,False
411,4,FAC-D,rdf_coprocessing,81,58,15,95,plastic,574.4,23.4,470.0,9,2026-09-11T20:07:44.029Z,False
412,2,FAC-B,anaerobic_digestion,89,42,10,98,organic,580.7,76.0,270.4,9,2026-09-11T23:52:31.277Z,False
414,6,FAC-F,combustion,76,64,30,85,paper,158.6,25.0,105.8,9,2026-09-12T05:37:50.629Z,False
417,2,FAC-B,anaerobic_digestion,89,42,10,98,organic,1218.7,48.5,370.8,9,2026-09-12T09:16:21.251Z,False
415,6,FAC-F,combustion,76,64,30,60,organic,1308.7,63.3,179.6,9,2026-09-12T12:00:49.439Z,False
416,4,FAC-D,rdf_coprocessing,81,58,15,95,plastic,391.9,12.3,455.1,9,2026-09-12T21:43:57.195Z,False
418,4,FAC-D,rdf_coprocessing,81,58,15,95,plastic,1137.7,5.0,1182.2,9,2026-09-12T23:27:04.828Z,False
420,6,FAC-F,combustion,76,64,30,65,plastic,41.7,39.5,38.1,9,2026-09-13T06:19:10.718Z,False
422,4,FAC-D,rdf_coprocessing,81,58,15,95,plastic,217.8,39.6,158.3,9,2026-09-13T10:59:51.164Z,False
419,1,FAC-A,anaerobic_digestion,71,75,8,92,organic,175.0,90.5,42.2,9,2026-09-13T18:03:53.164Z,False
421,3,FAC-C,anaerobic_digestion,67,89,6,80,organic,1915.6,90.6,410.8,9,2026-09-13T20:42:30.794Z,False
424,4,FAC-D,rdf_coprocessing,81,58,15,95,plastic,154.5,26.4,122.0,9,2026-09-14T07:26:30.675Z,False
426,3,FAC-C,anaerobic_digestion,67,89,6,80,organic,1287.0,81.1,286.1,9,2026-09-14T09:06:08.295Z,False
427,6,FAC-F,combustion,76,64,30,65,plastic,434.8,30.1,451.3,9,2026-09-14T09:13:03.115Z,False
423,3,FAC-C,anaerobic_digestion,67,89,6,80,organic,547.4,77.4,140.4,9,2026-09-14T10:05:42.535Z,False
428,6,FAC-F,combustion,76,64,30,85,paper,291.7,30.1,192.1,9,2026-09-14T19:03:01.683Z,False
425,6,FAC-F,combustion,76,64,30,85,paper,140.8,26.4,91.1,9,2026-09-14T21:52:57.504Z,False
429,3,FAC-C,anaerobic_digestion,67,89,6,80,organic,130.6,84.8,30.2,9,2026-09-15T18:33:33.805Z,False
430,4,FAC-D,rdf_coprocessing,81,58,15,95,plastic,23.5,33.8,20.2,9,2026-09-15T18:40:45.817Z,False
431,3,FAC-C,anaerobic_digestion,67,89,6,80,organic,3551.7,88.2,707.4,9,2026-09-16T13:44:14.726Z,False
435,6,FAC-F,combustion,76,64,30,85,paper,203.7,23.9,135.2,9,2026-09-16T16:46:30.737Z,False
433,3,FAC-C,anaerobic_digestion,67,89,6,80,organic,816.8,74.9,206.2,9,2026-09-16T17:06:34.507Z,False
434,4,FAC-D,rdf_coprocessing,81,58,15,95,plastic,267.8,23.9,246.2,9,2026-09-17T01:21:46.991Z,False
432,4,FAC-D,rdf_coprocessing,81,58,15,95,plastic,375.1,37.2,324.9,9,2026-09-17T02:48:28.815Z,False
441,6,FAC-F,combustion,76,64,30,85,paper,133.3,25.9,88.6,9,2026-09-17T10:55:24.899Z,False
437,4,FAC-D,rdf_coprocessing,81,58,15,95,plastic,76.3,37.3,55.9,9,2026-09-17T11:22:59.893Z,False
439,1,FAC-A,anaerobic_digestion,71,75,8,92,organic,889.4,76.9,250.9,9,2026-09-17T14:38:41.121Z,False
440,4,FAC-D,rdf_coprocessing,81,58,15,95,plastic,157.4,25.9,143.7,9,2026-09-17T18:43:03.142Z,False
436,1,FAC-A,anaerobic_digestion,71,75,8,92,organic,757.2,88.3,196.1,9,2026-09-17T21:17:13.507Z,False
438,4,FAC-D,rdf_coprocessing,81,58,15,62,paper,52.7,37.3,0.0,9,2026-09-18T00:41:38.702Z,False
442,3,FAC-C,anaerobic_digestion,67,89,6,80,organic,1620.5,92.0,282.3,9,2026-09-18T11:36:55.563Z,False
446,4,FAC-D,rdf_coprocessing,81,58,15,62,paper,116.3,27.9,0.0,9,2026-09-18T11:59:15.792Z,False
443,6,FAC-F,combustion,76,64,30,65,plastic,212.3,44.2,154.3,9,2026-09-18T13:26:25.305Z,False
445,6,FAC-F,combustion,76,64,30,65,plastic,165.6,27.9,186.8,9,2026-09-19T05:00:12.293Z,False
444,3,FAC-C,anaerobic_digestion,67,89,6,80,organic,689.1,78.9,170.8,9,2026-09-19T05:29:33.375Z,False
451,4,FAC-D,rdf_coprocessing,81,58,15,95,plastic,93.6,28.5,64.7,9,2026-09-19T06:58:09.462Z,False
450,1,FAC-A,anaerobic_digestion,71,75,8,92,organic,298.5,79.5,79.1,9,2026-09-19T10:23:39.556Z,False
452,6,FAC-F,combustion,76,64,30,85,paper,69.9,28.5,44.5,9,2026-09-19T11:33:14.120Z,False
449,4,FAC-D,rdf_coprocessing,81,58,15,62,paper,158.5,27.3,0.0,9,2026-09-19T13:18:15.079Z,False
448,6,FAC-F,combustion,76,64,30,65,plastic,203.3,27.3,233.8,9,2026-09-19T15:47:29.274Z,False
447,1,FAC-A,anaerobic_digestion,71,75,8,92,organic,1053.9,78.3,300.2,9,2026-09-19T22:33:55.084Z,False
453,3,FAC-C,anaerobic_digestion,67,89,6,80,organic,676.9,84.7,136.3,9,2026-09-20T14:29:43.344Z,False
456,6,FAC-F,combustion,76,64,30,65,plastic,156.4,28.7,159.8,9,2026-09-20T16:39:02.299Z,False
457,6,FAC-F,combustion,76,64,30,85,paper,133.1,28.7,78.1,9,2026-09-20T17:07:23.791Z,False
454,4,FAC-D,rdf_coprocessing,81,58,15,95,plastic,151.8,33.7,121.1,9,2026-09-20T17:39:01.292Z,False
455,3,FAC-C,anaerobic_digestion,67,89,6,80,organic,567.4,79.7,124.5,9,2026-09-20T19:18:07.138Z,False
460,2,FAC-B,anaerobic_digestion,89,42,10,98,organic,839.0,92.0,301.6,9,2026-09-21T12:57:43.007Z,False
458,1,FAC-A,anaerobic_digestion,71,75,8,92,organic,490.4,81.8,132.7,9,2026-09-21T17:19:46.975Z,False
459,4,FAC-D,rdf_coprocessing,81,58,15,95,plastic,163.4,30.8,134.7,9,2026-09-21T19:41:16.252Z,False
461,4,FAC-D,rdf_coprocessing,81,58,15,95,plastic,97.6,47.0,64.1,9,2026-09-22T03:47:02.823Z,False
466,6,FAC-F,combustion,76,64,30,85,paper,140.7,29.7,95.5,9,2026-09-22T06:23:56.697Z,False
465,6,FAC-F,combustion,76,64,30,65,plastic,192.2,29.7,204.4,9,2026-09-22T06:28:44.747Z,False
462,1,FAC-A,anaerobic_digestion,71,75,8,92,organic,637.5,85.6,158.5,9,2026-09-22T14:31:22.139Z,False
464,1,FAC-A,anaerobic_digestion,71,75,8,92,organic,583.8,80.7,159.9,9,2026-09-22T15:59:21.143Z,False
463,6,FAC-F,combustion,76,64,30,65,plastic,145.7,34.6,165.3,9,2026-09-22T21:45:50.379Z,False
469,6,FAC-F,combustion,76,64,30,85,paper,60.9,27.2,39.4,9,2026-09-23T11:51:46.072Z,False
467,6,FAC-F,combustion,76,64,30,60,organic,239.0,78.2,26.3,9,2026-09-23T14:33:05.799Z,False
468,6,FAC-F,combustion,76,64,30,65,plastic,86.5,27.2,93.2,9,2026-09-23T21:38:39.939Z,False
471,4,FAC-D,rdf_coprocessing,81,58,15,95,plastic,153.7,23.3,147.9,9,2026-09-24T14:07:58.893Z,False
472,4,FAC-D,rdf_coprocessing,81,58,15,62,paper,87.6,23.3,0.0,9,2026-09-24T17:48:11.139Z,False
473,3,FAC-C,anaerobic_digestion,67,89,6,80,organic,4468.6,75.3,1148.1,9,2026-09-24T18:07:42.897Z,False
470,3,FAC-C,anaerobic_digestion,67,89,6,80,organic,4594.6,74.3,1124.4,9,2026-09-24T22:13:01.227Z,False
474,4,FAC-D,rdf_coprocessing,81,58,15,95,plastic,156.3,24.3,135.4,9,2026-09-25T01:56:59.591Z,False
478,3,FAC-C,anaerobic_digestion,67,89,6,80,organic,875.9,87.3,155.0,9,2026-09-25T09:42:24.298Z,False
477,4,FAC-D,rdf_coprocessing,81,58,15,62,paper,174.1,37.8,0.0,9,2026-09-25T09:47:00.272Z,False
475,3,FAC-C,anaerobic_digestion,67,89,6,80,organic,609.0,88.8,107.3,9,2026-09-25T12:40:34.025Z,False
476,4,FAC-D,rdf_coprocessing,81,58,15,95,plastic,184.4,37.8,148.0,9,2026-09-25T14:33:41.892Z,False
479,6,FAC-F,combustion,76,64,30,65,plastic,127.0,36.3,117.6,9,2026-09-26T01:52:54.961Z,False
481,4,FAC-D,rdf_coprocessing,81,58,15,95,plastic,142.3,23.9,152.4,9,2026-09-26T07:52:18.006Z,False
482,6,FAC-F,combustion,76,64,30,60,organic,527.7,84.8,57.2,9,2026-09-26T11:55:11.738Z,False
483,6,FAC-F,combustion,76,64,30,65,plastic,193.9,33.8,186.3,9,2026-09-26T19:37:14.911Z,False
480,6,FAC-F,combustion,76,64,30,60,organic,1790.1,74.9,223.1,9,2026-09-26T20:44:11.970Z,False
486,6,FAC-F,combustion,76,64,30,60,organic,4477.5,85.5,446.6,9,2026-09-27T05:03:02.714Z,False
484,2,FAC-B,anaerobic_digestion,89,42,10,98,organic,276.4,78.5,116.0,9,2026-09-27T13:39:45.780Z,False
487,6,FAC-F,combustion,76,64,30,65,plastic,795.7,34.5,693.0,9,2026-09-27T19:22:24.510Z,False
485,4,FAC-D,rdf_coprocessing,81,58,15,95,plastic,102.0,27.5,78.8,9,2026-09-27T22:42:16.156Z,False
491,6,FAC-F,combustion,76,64,30,65,plastic,241.5,18.1,241.6,9,2026-09-28T10:54:04.756Z,False
490,3,FAC-C,anaerobic_digestion,67,89,6,80,organic,865.8,69.1,257.5,9,2026-09-28T14:04:01.059Z,False
489,6,FAC-F,combustion,76,64,30,65,plastic,35.0,25.0,35.2,9,2026-09-28T20:28:00.283Z,False
488,1,FAC-A,anaerobic_digestion,71,75,8,92,organic,823.9,76.0,231.6,9,2026-09-28T22:23:11.469Z,False
492,6,FAC-F,combustion,76,64,30,85,paper,206.9,18.1,130.1,9,2026-09-29T00:44:35.015Z,False
496,1,FAC-A,anaerobic_digestion,71,75,8,92,organic,2963.9,75.3,822.8,9,2026-09-29T16:15:46.495Z,False
494,6,FAC-F,combustion,76,64,30,65,plastic,75.5,22.7,78.9,9,2026-09-29T21:21:58.281Z,False
497,6,FAC-F,combustion,76,64,30,65,plastic,811.2,24.3,891.4,9,2026-09-29T21:24:16.387Z,False
495,4,FAC-D,rdf_coprocessing,81,58,15,62,paper,35.9,22.7,0.0,9,2026-09-30T01:42:39.233Z,False
493,6,FAC-F,combustion,76,64,30,60,organic,1854.9,73.7,213.8,9,2026-09-30T02:16:19.009Z,False
498,2,FAC-B,anaerobic_digestion,89,42,10,98,organic,204.4,75.4,90.4,9,2026-09-30T13:57:24.407Z,False
499,6,FAC-F,combustion,76,64,30,65,plastic,75.2,24.4,75.3,10,2026-09-30T20:33:50.048Z,False
504,4,FAC-D,rdf_coprocessing,81,58,15,95,plastic,529.8,21.6,528.0,10,2026-10-01T05:35:44.371Z,False
505,6,FAC-F,combustion,76,64,30,85,paper,409.9,21.6,261.8,10,2026-10-01T09:24:41.152Z,False
501,4,FAC-D,rdf_coprocessing,81,58,15,95,plastic,201.3,28.9,157.4,10,2026-10-01T11:29:22.343Z,False
503,3,FAC-C,anaerobic_digestion,67,89,6,80,organic,1658.5,72.6,387.2,10,2026-10-01T14:55:42.260Z,False
500,3,FAC-C,anaerobic_digestion,67,89,6,80,organic,663.3,79.9,169.5,10,2026-10-01T21:54:44.147Z,False
502,6,FAC-F,combustion,76,64,30,85,paper,150.1,28.9,105.8,10,2026-10-01T22:35:32.174Z,False
509,2,FAC-B,anaerobic_digestion,89,42,10,98,organic,711.3,63.4,263.9,10,2026-10-02T07:54:31.828Z,False
507,4,FAC-D,rdf_coprocessing,81,58,15,95,plastic,339.4,22.9,322.0,10,2026-10-02T11:18:23.250Z,False
511,6,FAC-F,combustion,76,64,30,85,paper,159.2,12.4,110.6,10,2026-10-02T14:55:32.205Z,False
508,6,FAC-F,combustion,76,64,30,85,paper,168.5,22.9,106.8,10,2026-10-02T20:28:42.166Z,False
510,4,FAC-D,rdf_coprocessing,81,58,15,95,plastic,215.3,12.4,223.0,10,2026-10-02T23:45:35.170Z,False
506,6,FAC-F,combustion,76,64,30,60,organic,730.1,73.9,89.2,10,2026-10-03T04:32:34.891Z,False
513,6,FAC-F,combustion,76,64,30,65,plastic,179.2,34.8,158.8,10,2026-10-03T20:31:21.024Z,False
512,2,FAC-B,anaerobic_digestion,89,42,10,98,organic,1276.0,85.8,520.4,10,2026-10-03T22:13:47.962Z,False
516,6,FAC-F,combustion,76,64,30,65,plastic,28.8,30.3,30.1,10,2026-10-04T00:33:58.848Z,False
515,6,FAC-F,combustion,76,64,30,60,organic,134.5,81.3,13.9,10,2026-10-04T01:20:20.849Z,False
517,6,FAC-F,combustion,76,64,30,85,paper,22.2,30.3,13.9,10,2026-10-04T04:52:35.989Z,False
514,4,FAC-D,rdf_coprocessing,81,58,15,62,paper,153.4,34.8,0.0,10,2026-10-04T05:17:35.538Z,False
521,4,FAC-D,rdf_coprocessing,81,58,15,95,plastic,296.4,19.7,242.1,10,2026-10-04T11:53:43.420Z,False
519,4,FAC-D,rdf_coprocessing,81,58,15,95,plastic,161.6,25.4,139.8,10,2026-10-04T17:21:47.419Z,False
520,1,FAC-A,anaerobic_digestion,71,75,8,92,organic,734.4,70.7,202.8,10,2026-10-04T22:53:06.098Z,False
518,6,FAC-F,combustion,76,64,30,60,organic,532.9,76.4,65.6,10,2026-10-05T02:32:05.121Z,False
523,4,FAC-D,rdf_coprocessing,81,58,15,95,plastic,1186.3,26.9,1076.6,10,2026-10-05T07:42:43.640Z,False
524,6,FAC-F,combustion,76,64,30,85,paper,722.1,26.9,418.5,10,2026-10-05T08:07:12.218Z,False
525,1,FAC-A,anaerobic_digestion,71,75,8,92,organic,2206.7,65.0,549.4,10,2026-10-05T21:14:33.127Z,False
522,1,FAC-A,anaerobic_digestion,71,75,8,92,organic,4806.4,77.9,1271.5,10,2026-10-05T23:27:53.953Z,False
526,4,FAC-D,rdf_coprocessing,81,58,15,95,plastic,237.9,14.0,256.8,10,2026-10-06T04:52:57.479Z,False
531,6,FAC-F,combustion,76,64,30,65,plastic,125.2,35.8,114.5,10,2026-10-06T08:58:22.464Z,False
529,6,FAC-F,combustion,76,64,30,85,paper,189.2,6.7,109.4,10,2026-10-06T10:47:52.480Z,False
530,6,FAC-F,combustion,76,64,30,60,organic,1238.0,86.8,132.8,10,2026-10-06T14:43:07.934Z,False
527,3,FAC-C,anaerobic_digestion,67,89,6,80,organic,777.8,57.7,165.9,10,2026-10-06T18:31:21.739Z,False
528,6,FAC-F,combustion,76,64,30,65,plastic,356.4,6.7,348.1,10,2026-10-06T22:47:30.460Z,False
532,2,FAC-B,anaerobic_digestion,89,42,10,98,organic,566.5,86.0,227.5,10,2026-10-07T12:13:43.553Z,False
533,6,FAC-F,combustion,76,64,30,65,plastic,149.4,35.0,159.6,10,2026-10-07T16:58:54.398Z,False
